Ticker;Secteur;Activité;Website;Nom;Cours;VANTPA;Cours/VANTPA;Cours/VANNPA;Solvabilité;Rendement dividende
ACA.PA;Financial Services;Banks - Regional;https://www.credit-agricole.com/;Crédit Agricole S.A.;15,84;722,57;0,02;-0,02;0,03;5,35
TEP.PA;Industrials;Specialty Business Services;https://www.teleperformance.com/;Teleperformance SE;106,6;0;0;0;0;1,5
RMS.PA;Consumer Cyclical;Luxury Goods;https://finance.hermes.com/;Hermès International Société en commandite par actions;2295;192,39;11,93;27,42;1,55;0,58
SAF.PA;Industrials;Aerospace & Defense;https://www.safran-group.com/;Safran SA;208,5;91,81;2,27;-9,57;0,27;1,73
AI.PA;Basic Materials;Specialty Chemicals;https://www.airliquide.com/;L'Air Liquide S.A.;185,64;62,14;2,99;-6,24;0,52;1,91
CA.PA;Consumer Defensive;Grocery Stores;https://www.carrefour.com/;Carrefour SA;16,505;66,58;0,25;-0,59;0,23;2,8
TTE.PA;Energy;Oil & Gas Integrated;https://www.totalenergies.com/;TotalEnergies SE;66,95;122,57;0,55;-2,4;0,47;5,98
OR.PA;Consumer Defensive;Household & Personal Products;https://www.loreal.com/;L'Oreal SA;447,6;64,46;6,94;-37,11;0,61;1,71
AC.PA;Consumer Cyclical;Lodging;https://www.group.accor.com/en;Accor SA;41,37;23,81;1,74;-3,16;0,49;2,18
EN.PA;Industrials;Engineering & Construction;https://www.bouygues.com/;Bouygues SA;35,61;117,47;0,3;-0,76;0,22;4,78
SAN.PA;Healthcare;Drug Manufacturers - General;https://www.sanofi.com/;Sanofi;89,17;42,19;2,11;-5,2;0,63;3,73
CS.PA;Financial Services;Insurance - Diversified;https://www.axa.com/;AXA SA;33,69;282,48;0,12;-0,13;0,07;5,3
BN.PA;Consumer Defensive;Packaged Foods;https://www.danone.com/;Danone S.A.;59,94;33,33;1,8;-2,51;0,42;2,63
RI.PA;Consumer Defensive;Beverages - Wineries & Distilleries;https://www.pernod-ricard.com/;Pernod Ricard SA;148,75;78,71;1,89;-4,39;0,44;2
MC.PA;Consumer Cyclical;Luxury Goods;https://www.lvmh.com/;LVMH Moët Hennessy - Louis Vuitton, Société Européenne;783,2;187,69;4,17;-10,49;0,46;1,37
HO.PA;Industrials;Aerospace & Defense;https://www.thalesgroup.com/en;Thales S.A.;167;139;1,2;-3,38;0,2;1,97
KER.PA;Consumer Cyclical;Luxury Goods;https://www.kering.com/;Kering SA;332,05;211,67;1,57;-3,03;0,41;2,11
EL.PA;Healthcare;Medical Instruments & Supplies;https://www.essilorluxottica.com/;EssilorLuxottica Société anonyme;208,6;41,65;5,01;-8,09;0,66;1,28
SU.PA;Industrials;Specialty Industrial Machinery;https://www.se.com/;Schneider Electric S.E.;229,15;50,76;4,51;-11,02;0,49;2,19
VIE.PA;Industrials;Waste Management;https://www.veolia.com/fr;Veolia Environnement SA;30,62;73,35;0,42;-0,73;0,2;3,47
SGO.PA;Industrials;Building Products & Equipment;https://www.saint-gobain.com/;Compagnie de Saint-Gobain S.A.;81,38;79,13;1,03;-3,61;0,48;3,1
CAP.PA;Technology;Information Technology Services;https://www.capgemini.com/;Capgemini SE;207,4;74,08;2,8;-7,93;0,5;1,41
DG.PA;Industrials;Engineering & Construction;https://www.vinci.com/;Vinci SA;115,05;112,54;1,02;-1,6;0,27;3,01
VIV.PA;Communication Services;Entertainment;https://www.vivendi.com/;Vivendi SE;10,145;25;0,41;-1,05;0,47;2,8
PUB.PA;Communication Services;Advertising Agencies;https://www.publicisgroupe.com/;Publicis Groupe S.A.;105,75;93,52;1,13;-4,11;0,3;2,68
GLE.PA;Financial Services;Banks - Regional;https://www.societegenerale.com/;Société Générale Société anonyme;27,23;1997,59;0,01;-0,01;0,04;6,41
BNP.PA;Financial Services;Banks - Regional;https://group.bnpparibas/;BNP Paribas SA;72,31;2389,42;0,03;-0,03;0,05;5,26
RNO.PA;Consumer Cyclical;Auto Manufacturers;https://www.renaultgroup.com/;Renault SA;50,2;403,8;0,12;-2,95;0,29;5,63
ORA.PA;Communication Services;Telecom Services;https://www.orange.com/;Orange S.A.;10,81;26,76;0,4;-0,58;0,31;6,15
ENGI.PA;Utilities;Utilities - Diversified;https://www.engie.com/;Engie SA;15,77;71,33;0,22;-0,46;0,17;6
LR.PA;Industrials;Electrical Equipment & Parts;https://www.legrandgroup.com/;Legrand SA;101,1;26,94;3,75;-9,91;0,56;1,94
EDEN.PA;Financial Services;Credit Services;https://www.edenred.com/;Edenred SE;46,8;37,44;1,25;-2,33;0,07;1,78
URW.PA;Real Estate;REIT - Retail;https://www.urw.com/;Unibail-Rodamco-Westfield SE;79,58;373;0,21;-0,43;0,36;0
ERF.PA;Healthcare;Diagnostics & Research;https://www.eurofins.com/;Eurofins Scientific SE;58,26;28,87;2,02;-4,16;0,53;0,48
DSY.PA;Technology;Software - Application;https://www.3ds.com/;Dassault Systèmes SE;37,75;11,48;3,29;-77,04;0,75;0,43
ML.PA;;;;;37,3;0;0;0;0,55;0
MT.PA;;;;ArcelorMittal SA;0;0;0;0;0;0
STMPA.PA;Technology;Semiconductors;https://www.st.com/;STMicroelectronics N.V.;38,32;27,02;1,42;8,37;0,91;0,67
AIR.PA;Industrials;Aerospace & Defense;https://www.airbus.com/;Airbus SE;158,96;133,64;1,19;-3,37;0,17;1,8
STLAP.PA;Consumer Cyclical;Auto Manufacturers;https://www.stellantis.com/;Stellantis N.V.;20,795;50,51;0,41;-2,18;0,53;0
SOLB.PA;;;https://finance.yahoo.com/sector/energy;;0;0;0;0;0;0
XFAB.PA;Technology;Semiconductors;https://www.xfab.com/;X-FAB Silicon Foundries SE;7,01;13,13;0,53;10,78;0,72;0
VIRP.PA;Healthcare;Drug Manufacturers - General;https://corporate.virbac.com/;Virbac SA;354,5;133,43;2,66;10,26;0,75;1,14
VCT.PA;Basic Materials;Building Materials;https://www.vicat.fr/;Vicat S.A.;37,2;112,78;0,33;-1,05;0,47;4,97
ICAD.PA;Real Estate;REIT - Diversified;https://www.icade.fr/;Icade;28,14;152,67;0,18;-1,13;0,51;8,3
BEN.PA;Consumer Cyclical;Recreational Vehicles;https://www.beneteau-group.com/;Bénéteau S.A.;13,58;23,32;0,58;2,97;0,44;1,77
BOL.PA;Communication Services;Entertainment;https://www.bollore.com/;Bolloré SE;6,165;16,58;0,37;-2,13;0,4;1,42
MRN.PA;Industrials;Electrical Equipment & Parts;https://www.mersen.com/;Mersen S.A.;39,8;50,73;0,78;-7,03;0,54;2,7
NEX.PA;Industrials;Electrical Equipment & Parts;https://www.nexans.com/;Nexans S.A.;109,5;138,7;0,79;-4,63;0,31;2,34
SOP.PA;Technology;Information Technology Services;https://www.soprasteria.com/;Sopra Steria Group SA;220,4;156,6;1,41;-2,17;0,32;1,71
MAU.PA;Energy;Oil & Gas E&P;https://www.maureletprom.fr/;Etablissements Maurel & Prom S.A.;6,695;8,49;0,79;-3,3;0,62;2,83
ATO.PA;Technology;Information Technology Services;https://www.atos.net/;Atos SE;2,09;84,44;0,02;-0,05;0,24;1,6
MMT.PA;Communication Services;Broadcasting;https://www.groupem6.fr/;Métropole Télévision S.A.;13,56;11,31;1,2;3,72;0,81;5,46
DBG.PA;Industrials;Waste Management;https://www.derichebourg.com/;Derichebourg SA;4,892;14,48;0,34;-0,93;0,41;2,55
UBI.PA;Communication Services;Electronic Gaming & Multimedia;https://www.ubisoft.com/;Ubisoft Entertainment SA;21,29;20,99;1,01;-2,21;0,46;0
TFI.PA;Communication Services;Broadcasting;https://www.groupe-tf1.fr/;TF1 SA;8,91;12,85;0,69;3,01;0,66;6,36
COV.PA;Real Estate;REIT - Diversified;https://covivio.eu/en/;Covivio;49,8;239,21;0,21;-0,48;0,33;6,52
LSS.PA;Technology;Software - Application;https://www.lectra.com/;Lectra SA;33,4;10,27;3,25;-4,28;0,37;1,46
ATE.PA;Technology;Information Technology Services;https://www.alten.com/;Alten S.A.;124,7;65,38;1,91;8;0,66;1,39
IPS.PA;Industrials;Consulting Services;https://www.ipsos.com/;Ipsos SA;66,95;29,96;2,23;-10,48;0,57;2,48
DEC.PA;Communication Services;Advertising Agencies;https://www.jcdecaux.com/;JCDecaux SE;21,56;32,33;0,67;-1,03;0,26;1,98
NK.PA;Basic Materials;Building Materials;https://www.imerys.com/;Imerys S.A.;35,44;58,98;0,6;-2,28;0,53;4,71
BB.PA;Consumer Defensive;Household & Personal Products;https://fr.bic.com/fr;Société BIC SA;66,5;55,42;1,2;4,16;0,77;4,5
RF.PA;Financial Services;Asset Management;https://www.eurazeo.com/en/;Eurazeo SE;76,5;129,83;0,59;-5,84;0,84;1,95
FRVIA.PA;Consumer Cyclical;Auto Parts;https://www.forvia.com/;Forvia SE;15,97;106,76;0,15;-0,29;0,17;2,06
MF.PA;Financial Services;Asset Management;https://www.wendelgroup.com/en/;Wendel SE;93,2;216,25;0,43;-1,35;0,21;3,1
SW.PA;Industrials;Specialty Business Services;https://www.sodexo.com/;Sodexo S.A.;85,8;65,2;1,32;-2,49;0,31;2,97
SK.PA;Consumer Cyclical;Furnishings, Fixtures & Appliances;https://www.groupeseb.com/;SEB SA;114,8;111,13;1,03;-4,13;0,41;1,9
LI.PA;Real Estate;REIT - Retail;https://www.klepierre.com/;Klépierre SA;25,46;68,65;0,37;-0,79;0,41;7,33
POM.PA;Consumer Cyclical;Auto Parts;https://www.opmobility.com/;OPmobility;11,79;38,42;0,31;-0,67;0,28;2,49
RCO.PA;Consumer Defensive;Beverages - Wineries & Distilleries;https://www.remy-cointreau.com/;Rémy Cointreau SA;93;59,64;1,56;6,28;0,54;1,19
FGR.PA;Industrials;Engineering & Construction;https://www.eiffage.com/;Eiffage SA;104,35;236,45;0,44;-0,64;0,2;2,2
ERA.PA;Basic Materials;Other Industrial Metals & Mining;https://www.eramet.com/en;ERAMET S.A.;101,3;207,61;0,49;-2,22;0,34;1,99
ITP.PA;Consumer Defensive;Household & Personal Products;https://www.interparfums.fr/;Interparfums SA;48;10,61;4,52;16,05;0,81;1,65
VLA.PA;Healthcare;Biotechnology;https://valneva.com/;Valneva SE;4,1;3,61;1,14;-82;0,58;0
AMUN.PA;Financial Services;Asset Management;https://legroupe.amundi.com/;Amundi S.A.;71,45;142,18;0,5;-0,77;0,32;0
TRI.PA;Consumer Cyclical;Recreational Vehicles;https://www.trigano.fr/;Trigano Société Anonyme;144;107,69;1,34;4,13;0,74;2,56
BVI.PA;Industrials;Consulting Services;https://group.bureauveritas.com/;Bureau Veritas SA;27,52;9,24;2,98;-8,14;0,35;2,62
GFC.PA;Real Estate;REIT - Office;https://www.gecina.fr/;Gecina;102;236,37;0,43;-1,15;0,6;4,75
NXI.PA;Real Estate;Real Estate - Diversified;https://www.nexity.fr/;Nexity SA;12,11;130,61;0,09;-1,78;0,24;9,31
ALO.PA;Industrials;Railroads;https://www.alstom.com/;Alstom SA;18,085;56,97;0,32;-0,93;0,27;2,8
ETL.PA;Technology;Communication Equipment;https://www.eutelsat.com/;Eutelsat Communications Société Anonyme;4,366;14,83;0,29;-0,65;0,51;11,34
MERY.PA;Real Estate;REIT - Retail;https://www.mercialys.com/;Mercialys SA;11,17;22,96;0,49;-0,95;0,33;9,62
IPN.PA;Healthcare;Drug Manufacturers - Specialty & Generic;https://www.ipsen.com/;Ipsen S.A.;120,8;36,03;3,35;-16,64;0,66;1,19
VU.PA;Technology;Software - Application;https://www.vusion.com/;VusionGroup;158,8;47,5;3,34;-25,33;0,33;0
AKE.PA;Basic Materials;Specialty Chemicals;https://www.arkema.com/;Arkema S.A.;96,1;129,25;0,74;-4,22;0,61;2,94
ADP.PA;Industrials;Airports & Air Services;https://www.parisaeroport.fr/;Aeroports de Paris SA;126,9;170,21;0,75;-1,22;0,25;2,17
SCR.PA;Financial Services;Insurance - Reinsurance;https://www.scor.com/;SCOR SE;30,22;198,24;0,15;-0,18;0,13;4,81
RXL.PA;Technology;Electronics & Computer Distribution;https://www.rexel.com/;Rexel S.A.;27,35;28,39;0,96;-5,81;0,43;3,97
ARG.PA;Real Estate;REIT - Industrial;https://www.argan.fr/;Argan SA;77,6;158,15;0,49;-0,98;0,47;2,75
GET.PA;Industrials;Railroads;https://www.getlinkgroup.com/;Getlink SE;16,73;16,34;1,02;-1,9;0,33;2,35
COFA.PA;Financial Services;Insurance - Reinsurance;https://www.coface.com/;COFACE SA;15,57;53,36;0,29;-0,4;0,27;5,98
CARM.PA;Real Estate;REIT - Retail;https://www.carmila.com/;Carmila S.A.;16,38;47,3;0,35;-0,97;0,56;9,88
IDL.PA;Industrials;Specialty Business Services;https://www.id-logistics.com/;ID Logistics Group SA;377;323,91;1,16;-1,84;0,18;0
NEOEN.PA;Utilities;Utilities - Renewable;https://www.neoen.com/;Neoen S.A.;29,6;44,45;0,67;-1,24;0,4;0
GTT.PA;Energy;Oil & Gas Equipment & Services;https://www.gtt.fr/;Gaztransport & Technigaz SA;136,6;15,64;8,73;21,18;0,96;3,92
ELIOR.PA;Consumer Cyclical;Restaurants;https://www.eliorgroup.com/;Elior;3,754;7,37;0,51;-0,53;0,22;3,17
WLN.PA;Technology;Software - Infrastructure;https://www.worldline.com/;Worldline S.A.;11,645;36,26;0,32;-1;0,43;0
ELIS.PA;Industrials;Specialty Business Services;https://www.fr.elis.com/en;Elis SA;22,82;19,62;1,16;-1,33;0,4;0
SPIE.PA;Industrials;Engineering & Construction;https://www.spie.com/;SPIE SA;37;27,66;1,34;-1,8;0,25;0
DIM.PA;Healthcare;Medical Instruments & Supplies;https://www.sartorius.com/;Sartorius Stedim Biotech S.A.;196,8;32,39;6,08;-5,24;0,35;0,5
FR.PA;Consumer Cyclical;Auto Parts;https://www.valeo.com/;Valeo SE;12,64;60,13;0,21;-0,38;0,19;2,39
CGG.PA;Energy;Oil & Gas Equipment & Services;https://www.cgg.com/;Viridien;0,5596;1,74;0,32;-0,45;0,39;0
SOI.PA;Technology;Semiconductor Equipment & Materials;https://www.soitec.com/;Soitec SA;110,7;0;0;0;0;0
ALD.PA;Industrials;Rental & Leasing Services;https://www.ayvens.com/;ALD S.A.;7,175;82,8;0,09;-0,14;0,17;8,06
RUI.PA;Energy;Oil & Gas Refining & Marketing;https://www.rubis.fr/;Rubis;32,1;42,92;0,75;-2,2;0,46;5,92
BIM.PA;Healthcare;Diagnostics & Research;https://www.biomerieux.com/;bioMérieux S.A.;95,9;34,12;2,81;16,23;0,76;0,59
S30.PA;Technology;Information Technology Services;https://www.solutions30.com/;Solutions 30 SE;2,164;5,19;0,42;-1,34;0,18;0
VRLA.PA;Consumer Cyclical;Packaging & Containers;https://www.verallia.com/;Verallia Société Anonyme;37,3;28,71;1,3;-2,14;0,23;0
FDJ.PA;Consumer Cyclical;Gambling;https://www.groupefdj.com/;La Française des Jeux Société anonyme;34,06;14,29;2,38;-6,34;0,36;0
VK.PA;Basic Materials;Steel;https://www.vallourec.com/;Vallourec S.A.;16,675;24,46;0,68;-28,26;0,48;4,56
AM.PA;Industrials;Aerospace & Defense;https://www.dassault-aviation.com/;Dassault Aviation société anonyme;209,4;297,04;0,7;16,59;0,36;1,26
EAPI.PA;Healthcare;Drug Manufacturers - Specialty & Generic;https://www.euroapi.com/en;Euroapi S.A.;3,254;19,25;0,17;0,82;0,66;0
AF.PA;Industrials;Airlines;https://www.airfranceklm.com/;Air France-KLM SA;10,56;127,11;0,08;-0,12;0,09;2,22
ORP.PA;Healthcare;Medical Care Facilities;https://www.orpea-corp.com/;Orpea SA;13,56;69,18;0,2;-0,22;0,14;1,06
SESG.PA;Communication Services;Broadcasting;https://www.ses.com/;SES S.A.;5,12;17,06;0,3;-1,1;0,51;6,94
APAM.PA;;;https://finance.yahoo.com/sector/energy;;0;0;0;0;0;0
ENX.PA;Financial Services;Financial Data & Stock Exchanges;https://www.euronext.com/;Euronext N.V.;91,8;1797,83;0,05;-3,81;0,57;2,26
TE.PA;Energy;Oil & Gas Equipment & Services;https://www.technipenergies.com/;Technip Energies N.V.;23,22;36,61;0,63;-4,15;0,36;0
PLX.PA;Industrials;Specialty Business Services;https://www.pluxeegroup.com/;Pluxee N.V.;30,9;42,01;0,74;-0,74;0;0
SYENS.PA;;;;;0;0;0;0;0;0
GBT.PA;Healthcare;Medical Devices;https://www.guerbet.com/;Guerbet SA;37,1;73,72;0,5;-7,15;0,41;2,71
TOUP.PA;Industrials;Rental & Leasing Services;https://www.touax.com/;Touax SCA;4,84;79,8;0,06;-0,13;0,14;3,91
ALTA.PA;Real Estate;REIT - Residential;https://www.altarea.com/;Altarea SCA;99,5;406,89;0,24;-1,49;0,26;7,89
JCQ.PA;Basic Materials;Steel;https://www.jacquetmetals.com/;Jacquet Metals SA;17,9;74,75;0,24;1,78;0,48;4,06
BLC.PA;Healthcare;Medical Distribution;https://www.bastideleconfortmedical.com/;Bastide Le Confort Médical SA;21,05;57,97;0,36;-0,41;0,14;0,9
MTU.PA;Industrials;Farm & Heavy Construction Machinery;https://www.manitou.com/;Manitou BF SA;27,25;54,11;0,5;2,45;0,42;2,53
SCHP.PA;Industrials;Waste Management;https://www.groupe-seche.com/;Séché Environnement SA;105;127,51;0,82;-1,29;0,24;1,77
FII.PA;Industrials;Aerospace & Defense;https://www.lisi-group.com/;Lisi S.A.;28,95;34,24;0,85;-4,41;0,47;1,53
AKW.PA;Consumer Cyclical;Auto Parts;https://akwel-automotive.com/;Akwel SA;13,5;31,91;0,42;1,29;0,83;1,99
CDA.PA;Consumer Cyclical;Leisure;https://www.compagniedesalpes.com/;Compagnie des Alpes SA;15;42,36;0,35;-0,62;0,42;2,45
CGM.PA;Healthcare;Health Information Services;https://www.cegedim.com/;Cegedim SA;14,05;39,04;0,36;-0,64;0,31;1,35
HCO.PA;Communication Services;Advertising Agencies;https://www.highco.com/;High Co. SA;3,28;6,6;0,5;36,44;0,65;2,48
BOI.PA;Healthcare;Drug Manufacturers - Specialty & Generic;https://www.boiron.fr/;Boiron SA;34,1;27,1;1,26;6,77;0,76;2,89
EXA.PA;Industrials;Aerospace & Defense;https://www.exail-technologies.com/;Exail Technologies;21,95;23,07;0,95;-1,23;0,17;2,63
DKUPL.PA;Communication Services;Advertising Agencies;https://www.dekuple.com/en;ADLPartner SA;37,4;38,64;0,97;-7,19;0,25;7,02
BON.PA;Consumer Defensive;Packaged Foods;https://www.bonduelle.com/;Bonduelle SCA;7,95;48,54;0,16;-1,19;0,39;2,49
PEUG.PA;Financial Services;Asset Management;https://www.peugeot-invest.com/;Peugeot Invest Société anonyme;111,6;357,72;0,31;-1,43;0,66;2,57
GRVO.PA;Basic Materials;Agricultural Inputs;https://www.graines-voltz.com/;Graines Voltz;28,5;88,41;0,32;1,42;0,5;2,88
LACR.PA;Technology;Scientific & Technical Instruments;https://www.lacroix-group.com/;LACROIX Group SA;26,2;105,46;0,25;-2,9;0,32;2,63
GLO.PA;Industrials;Specialty Business Services;https://www.gl-events.com/;GL Events;20,3;74,25;0,27;-0,41;0,18;3,29
GUI.PA;Technology;Computer Hardware;https://www.guillemot.com/;Guillemot Corporation S.A.;6,72;9,34;0,72;1,58;0,8;0
PIG.PA;Industrials;Farm & Heavy Construction Machinery;https://www.haulotte.com/;Haulotte Group SA;2,74;20,45;0,13;-4,42;0,31;2,83
VAC.PA;Consumer Cyclical;Lodging;https://www.groupepvcp.com/;Pierre & Vacances SA;1,512;7,73;0,2;-0,21;0,14;4,03
BIG.PA;Technology;Consumer Electronics;https://www.bigben-group.com/;BigBen Interactive;2,815;14,52;0,19;-0,44;0,34;0
SII.PA;;;https://finance.yahoo.com/sector/technology;;0;0;0;0;0;0
ASY.PA;Industrials;Engineering & Construction;https://www.assystem.com/;Assystem S.A.;57,5;43,71;1,32;-8,06;0,54;3,25
PRC.PA;Communication Services;Publishing;https://www.artprice.com/;Artmarket.com;4,37;4,59;0,95;10,92;0,78;0
ORAP.PA;Basic Materials;Specialty Chemicals;https://www.orapi.com/;Orapi SA;6,48;23,72;0,27;-0,82;0,24;2,82
EOS.PA;Technology;Software - Application;https://www.acteos.com/;Acteos SA;1,335;3,51;0,38;-0,9;0,04;0
QDT.PA;Technology;Software - Application;https://www.quadient.com/;Quadient S.A.;19,84;39,15;0,51;-0,93;0,44;3,01
ES.PA;Energy;Oil & Gas Refining & Marketing;https://corporate.esso.fr/;Esso S.A.F.;192,6;366,75;0,53;1,53;0,63;6,6
CO.PA;Consumer Defensive;Grocery Stores;https://www.groupe-casino.fr/;Casino, Guichard-Perrachon S.A.;0,0396;0,38;0,1;-0,19;0,14;7,21
CRI.PA;Consumer Cyclical;Textile Manufacturing;https://www.chargeurs.com/;Chargeurs SA;13,2;24,41;0,54;-1,36;0,33;5,27
KOF.PA;Consumer Cyclical;Residential Construction;https://www.kaufmanbroad.fr/;Kaufman & Broad S.A.;31,7;76,88;0,41;-27,33;0,18;6,79
MEDCL.PA;Healthcare;Biotechnology;https://www.medincell.com/;MedinCell S.A.;14,2;1,67;8,5;-11,18;1,09;0
GNFT.PA;Healthcare;Biotechnology;https://www.genfit.com/;Genfit S.A.;3,475;2,51;1,38;24,82;0,71;0
LNA.PA;Healthcare;Medical Care Facilities;https://www.lna-sante.com/;LNA Santé SA;21,6;92,48;0,23;-0,26;0,21;1,14
METEX.PA;Basic Materials;Chemicals;https://www.metabolic-explorer.com/;METabolic EXplorer S.A.;0,1214;4,81;0,03;-0,39;0,45;0
CAFO.PA;Consumer Cyclical;Specialty Retail;https://www.cafom.com/;Centrale d'Achat Française pour l'Outre-Mer Société Anonyme;9,42;39,66;0,24;-0,84;0,35;0
CATG.PA;Consumer Cyclical;Recreational Vehicles;https://www.catanagroup.com/;SA Catana Group;5,32;6,86;0,78;3,62;0,49;0
VMX.PA;Technology;Software - Infrastructure;https://www.verimatrix.com/;Verimatrix SA;0,45;0,75;0,6;-2,81;0,72;0
MEMS.PA;Technology;Semiconductor Equipment & Materials;https://www.memscap.com/;MEMSCAP, S.A.;7,73;2,43;3,18;18,85;0,82;0
IPH.PA;Healthcare;Biotechnology;https://www.innate-pharma.com/;Innate Pharma S.A.;2,41;2,27;1,06;12,68;0,57;0
CLARI.PA;Healthcare;Medical Care Facilities;https://www.clariane.com/;Clariane SE;3,6;89,65;0,04;-0,04;0,25;1,94
DBV.PA;Healthcare;Biotechnology;https://www.dbv-technologies.com/;DBV Technologies S.A.;1,27;1,52;0,84;1,43;2,52;0
EFG.PA;Consumer Cyclical;Leisure;https://finance.eaglefootballgroup.com/;Eagle Football Group Société anonyme;2,13;4,46;0,48;-0,61;0,02;0
AB.PA;Healthcare;Drug Manufacturers - Specialty & Generic;https://www.ab-science.com/;AB Science S.A.;2,1;0,65;3,23;-4,88;1,04;0
OREGE.PA;Industrials;Waste Management;https://www.orege.com/;Orege Société Anonyme;0,304;0,17;1,79;-0,35;4,86;0
ALMKT.PA;Healthcare;Medical Devices;https://www.maunakeatech.com/;Mauna Kea Technologies SA;0,4035;0,34;1,19;-0,96;1,15;0
ADOC.PA;Healthcare;Biotechnology;https://www.adocia.com/;Adocia SA;9,55;1,73;5,52;-11,79;0,58;0
ALGAE.PA;Healthcare;Biotechnology;https://www.fermentalg.com/;FERMENTALG;0,615;0,66;0,93;15,38;0,79;0
MHM.PA;Consumer Cyclical;Travel Services;https://myhotelmatch.com/;MyHotelMatch S.A.;1,07;0;0;0;0;0
NANO.PA;Healthcare;Biotechnology;https://www.nanobiotix.com/;Nanobiotix S.A.;6,765;1,99;3,4;-37,58;0,1;0
EKI.PA;Technology;Communication Equipment;https://www.ekinops.com/;EKINOPS S.A.;4;5,79;0,69;2,47;0,78;0
FNAC.PA;Consumer Cyclical;Specialty Retail;https://www.fnacdarty.com/;Fnac Darty SA;33,1;177,3;0,19;-0,36;0,26;0
MCPHY.PA;Industrials;Specialty Industrial Machinery;https://mcphy.com/;McPhy Energy S.A.;3,28;5,76;0,57;2,54;0,87;0
GV.PA;;;https://finance.yahoo.com/sector/basic_materials;;0;0;0;0;0;0
SEFER.PA;Industrials;Building Products & Equipment;https://www.sergeferrari.com/;SergeFerrari Group SA;7,4;26,52;0,28;-2,07;0,35;1,05
VLTSA.PA;Utilities;Utilities - Renewable;https://www.voltalia.com/;Voltalia SA;8,88;25,3;0,35;-0,74;0,37;0
OSE.PA;Healthcare;Biotechnology;https://www.ose-immuno.com/;OSE Immunotherapeutics SA;7,41;1,64;4,52;-5,61;0,36;0
ABVX.PA;Healthcare;Biotechnology;https://www.abivax.com/;ABIVAX Société Anonyme;12,92;4,8;2,69;5,25;2,97;0
POXEL.PA;Healthcare;Biotechnology;https://www.poxelpharma.com/;Poxel S.A.;0,637;0;0;0;0;0
PWG.PA;Technology;Computer Hardware;https://www.prodways-group.com/;Prodways Group SA;0,76;1,17;0,65;-5,07;0,6;0
ABNX.PA;Healthcare;Biotechnology;https://abionyx.com/;ABIONYX Pharma SA;1,09;0,29;3,76;0;0,74;0
NHOA.PA;Industrials;Specialty Industrial Machinery;https://nhoa.energy/;NHOA S.A.;0,585;1,93;0,3;1,77;0,88;0
ADUX.PA;Communication Services;Advertising Agencies;https://www.adux.com/;AdUX SA;1,39;5,01;0,28;-1,85;0,04;0
SRP.PA;Consumer Cyclical;Internet Retail;https://www.showroomprivegroup.com/;SRP Groupe S.A.;0,972;2,18;0,45;-9,72;0,56;0
FDE.PA;Energy;Oil & Gas E&P;https://www.francaisedelenergie.fr/;La Française de l'Energie S.A.;37,15;31,09;1,19;-5,74;0,64;0
MDM.PA;Consumer Cyclical;Home Improvement Retail;https://corporate.maisonsdumonde.com/;Maisons du Monde S.A.;5,09;31,45;0,16;-0,25;0,35;0
SIGHT.PA;Healthcare;Biotechnology;https://www.gensight-biologics.com/;GenSight Biologics S.A.;0,394;0,09;4,38;-1,19;4,38;0
SMCP.PA;Consumer Cyclical;Apparel Retail;https://www.smcp.com/;SMCP S.A.;2,4;12,49;0,19;-0,26;0,52;0
IVA.PA;Healthcare;Biotechnology;https://www.inventivapharma.com/;Inventiva S.A.;3,6;1,32;2,73;-3,53;0,75;0
PVL.PA;Consumer Cyclical;Auto Parts;https://groupe-plastivaloire.com/;Plastiques du Val de Loire;2,82;32,99;0,09;-0,52;0,31;2,13
BALYO.PA;Industrials;Specialty Industrial Machinery;https://www.balyo.com/;Balyo SA;0,605;0,83;0,73;-2,02;0,17;0
WAVE.PA;Technology;Information Technology Services;https://www.wavestone.com/;Wavestone SA;61,2;11,3;5,42;35,79;0,67;0,67
CLA.PA;Technology;Software - Application;https://www.claranova.com/;Claranova SE;2,285;3,09;0,74;-0,88;0,01;0
NACON.PA;Communication Services;Electronic Gaming & Multimedia;https://www.nacongaming.com/;Nacon S.A.;1,15;1,51;0,76;-0,93;0,55;0
VANTI.PA;Communication Services;Entertainment;https://www.vantiva.com/;Vantiva S.A.;0,1382;2,21;0,06;-0,09;0,05;0
LOCAL.PA;Communication Services;Advertising Agencies;https://www.solocal.com/;Solocal Group S.A.;0,0638;1,38;0,05;-0,02;1,07;13,05
BLV.PA;Communication Services;Entertainment;https://www.believe.com/;Believe S.A.;15;8,12;1,85;-11,36;0,44;0
ARAMI.PA;Consumer Cyclical;Auto & Truck Dealerships;https://www.aramis.group/;Aramis Group SAS;3,85;5,9;0,65;-3,67;0,32;0
ANTIN.PA;Financial Services;Asset Management;https://www.antin-ip.com/;Antin Infrastructure Partners SAS;13,18;3,45;3,82;6,62;2,57;0
EXN.PA;Technology;Software - Infrastructure;https://www.exclusive-networks.com/;Exclusive Networks SA;20,3;23,04;0,88;-3,79;0,31;0
OVH.PA;Technology;Software - Infrastructure;https://www.ovhcloud.com/;OVH Groupe S.A.;6,54;6,9;0,95;-1,15;0,24;0
LHYFE.PA;Basic Materials;Specialty Chemicals;https://www.lhyfe.com/;Lhyfe SA;4,185;3,65;1,15;2,83;2,17;0
TCHCS.PA;;;;;0;0;0;0;0;0
AVT.PA;Technology;Communication Equipment;https://corporate.avenir-telecom.com/;Avenir Telecom S.A.;0,1376;0,55;0,25;0,66;1,41;0
LAT.PA;Industrials;Aerospace & Defense;https://www.latecoere.aero/;Latécoère S.A.;0,013;0,04;0,32;-0,43;0,03;5,01
PHXM.PA;Healthcare;Biotechnology;https://www.phaxiam.com/;PHAXIAM Therapeutics S.A.;3,055;5,75;0,53;9,26;0,91;0
SLB.PA;Energy;Oil & Gas Equipment & Services;https://www.slb.com/;Schlumberger Limited;44,45;21,4;2,08;-7,72;0,47;3,6
NOKIA.PA;Technology;Communication Equipment;https://www.nokia.com/;Nokia Oyj;3,599;5,99;0,6;-39,99;0,69;0
FLY.PA;Real Estate;REIT - Office;https://www.fonciere-lyonnaise.com/;Societe Fonciere Lyonnaise;68,2;172,95;0,39;-1,04;0,48;4,36
RBT.PA;Basic Materials;Chemicals;https://www.robertet.com/;Robertet SA;895;370,66;2,41;17,06;0,62;0,76
AREIT.PA;Real Estate;Real Estate - Development;https://www.altareit.com/;Altareit SCA;478;1950,4;0,25;12,04;0,24;0
GDS.PA;Healthcare;Medical Care Facilities;https://www.ramsaygds.fr/;Ramsay Générale de Santé SA;13,7;41,29;0,33;-0,35;0,19;8,73
CBE.PA;Basic Materials;Chemicals;https://www.robertet.com/;Robertet SA;835;0;0;0;0,62;2,96
CBR.PA;;;;;188;0;0;0;0,62;0
UNBL.PA;Consumer Defensive;Packaged Foods;https://unibel.fr/;Unibel S.A.;940;1213,49;0,77;-1,48;0,34;1,18
COVH.PA;Real Estate;REIT - Hotel & Motel;https://www.covivio-hotels.fr/;Covivio Hotels;15,35;44,6;0,34;-0,83;0,51;5,85
BUR.PA;Consumer Cyclical;Auto Parts;https://www.burelle.fr/;Burelle SA;435;3436,39;0,13;-0,29;0,21;2,82
ODET.PA;Industrials;Conglomerates;https://www.compagniedelodet.net/;Compagnie de l'Odet;1516;10359,15;0,15;-0,74;0,21;0,21
STF.PA;Industrials;Integrated Freight & Logistics;https://www.stef.com/;STEF SA;127,8;253,34;0,5;-1,36;0,35;2,76
ARTO.PA;Technology;Computer Hardware;https://sif-artois.fr/;Société Industrielle et Financière de l'Artois Société anonyme;4920;0;0;0;1,44;0,84
FMONC.PA;Financial Services;Asset Management;https://www.financiere-moncey.com/;Financière Moncey Société anonyme;7450;0;0;0;0,99;0,42
CBDG.PA;Financial Services;Asset Management;https://www.compagnie-du-cambodge.com/fr-fr;Compagnie du Cambodge;6800;0;0;0;1,22;3,01
RE.PA;;;https://finance.yahoo.com/sector/consumer_defensive;;0;0;0;0;0;0
MMB.PA;Consumer Cyclical;Travel Services;https://www.lagardere.com/;Lagardere SA;21,85;46,37;0,47;-0,58;0,09;5,74
CDI.PA;Consumer Cyclical;Luxury Goods;https://www.dior-finance.com/;Christian Dior SE;739,5;517,38;1,43;-3,64;0,17;1,37
BASS.PA;Real Estate;Real Estate - Development;https://www.bassac.fr/;BASSAC Société anonyme;49,6;126,39;0,39;2,1;0,42;5,08
VETO.PA;Healthcare;Drug Manufacturers - Specialty & Generic;https://www.vetoquinol.com/;Vetoquinol SA;101,2;39,15;2,58;6,04;0,97;0,68
TKTT.PA;Industrials;Building Products & Equipment;https://www.tarkett.com/;Tarkett S.A.;8,96;26,99;0,33;-1,12;0,38;2,58
EQS.PA;Healthcare;Health Information Services;https://equasens.com/;Equasens Société anonyme;60,3;14,17;4,26;-23,55;0,64;1,34
LOUP.PA;Consumer Defensive;Packaged Foods;https://www.ldc.fr/;L.D.C. S.A.;147,5;199,02;0,74;5,07;0,58;1,67
TKO.PA;Financial Services;Asset Management;https://www.tikehaucapital.com/;Tikehau Capital;21,05;25,31;0,83;-2,86;0,69;0
DEEZR.PA;Communication Services;Entertainment;https://www.deezer.com/;Deezer S.A.;1,99;1,54;1,29;-0,93;1,73;0
PLNW.PA;Technology;Software - Application;https://planisware.com/;PLANISWARE;22,8;3,17;7,19;14,43;1,67;0
IAM.PA;Communication Services;Telecom Services;https://www.iam.ma/;Itissalat Al-Maghrib (IAM) S.A.;8;55,76;0,14;-0,23;0,27;4,76
BAIN.PA;Consumer Cyclical;Resorts & Casinos;https://www.montecarlosbm.com/;Société Anonyme des Bains de Mer et du Cercle des Étrangers à Monaco;104;87,14;1,19;-119,54;0,93;0,03
CNV.PA;Consumer Cyclical;Internet Retail;https://www.cnova.com/;Cnova N.V.;1,595;1,34;1,19;-0,62;0,8;0
CATR.PA;Industrials;Farm & Heavy Construction Machinery;https://www.caterpillar.com/;Caterpillar Inc.;321;159,39;2,01;-7;0,22;2,31
COTY.PA;Consumer Defensive;Household & Personal Products;https://www.coty.com/;Coty Inc.;9,946;5,44;1,83;-1,46;0,34;0
GNE.PA;Industrials;Aerospace & Defense;https://www.geaerospace.com/;General Electric Company;148,5;133,11;1,12;-2,21;0,21;0,47
MRK.PA;;;;;101,4;0;0;0;0,4;0
MALT.PA;Consumer Defensive;Beverages - Brewers;https://www.malteriesfrancobelges.fr/;Malteries Franco-Belges Société Anonyme;640;0;0;0;1,16;1,51
GALIM.PA;Real Estate;Real Estate Services;https://www.galimmo-sca.com/;Galimmo SCA;14,3;26,16;0,55;-1,65;0,61;4,46
ELEC.PA;Utilities;Utilities - Renewable;https://www.es.fr/;Électricite de Strasbourg Société Anonyme;121,5;0;0;0;0;4,43
SDG.PA;Industrials;Staffing & Employment Services;https://www.synergie.com/;Synergie SA;36,2;54,8;0,66;2,42;0,62;2,2
IMDA.PA;Real Estate;REIT - Diversified;https://www.immobiliere-dassault.com/;Immobiliere Dassault SA;49,3;125,1;0,39;-1,35;0,68;2,28
GAM.PA;Communication Services;Entertainment;https://www.gaumont.fr/;Gaumont SA;95;98,73;0,96;9,87;0,66;1,28
FNTS.PA;Consumer Defensive;Food Distribution;https://www.finatis.fr/;Finatis Société Anonyme;1,37;3280,5;0;0;0,12;4,96
CEN.PA;Industrials;Staffing & Employment Services;https://www.groupe-crit.com/;Groupe CRIT SA;73,6;117,93;0,62;2,23;0,79;2,14
EIFF.PA;Real Estate;REIT - Office;https://www.societetoureiffel.com/;Société de la Tour Eiffel;10,5;94,84;0,11;-0,22;0,43;5,36
LBIRD.PA;Healthcare;Diagnostics & Research;https://www.lumibird.com/;Lumibird SA;13,15;11,34;1,16;-93,93;0,68;0
CIV.PA;Financial Services;Banks - Regional;https://www.credit-agricole.fr/ca-illeetvilaine;Caisse régionale de Crédit Agricole Mutuel d'Ille-et-Vilaine Société coopérative;65,5;8876,57;0,01;-0,01;0,11;3,55
CAF.PA;Financial Services;Banks - Regional;https://ca-paris.com/;Caisse Régionale de Crédit Agricole Mutuel de Paris et d'Ile-de-France;67,3;9137,18;0,01;-0,01;0,1;4,27
VIL.PA;Financial Services;Capital Markets;https://www.viel.com/;VIEL & Cie, société anonyme;10,8;39,35;0,27;6,59;0,23;4,71
IDIP.PA;Financial Services;Asset Management;https://www.idi.fr/en;IDI;75,8;121,4;0,62;-4,09;0,85;4,71
SBT.PA;Consumer Defensive;Beverages - Wineries & Distilleries;https://oeneo.com/;Oeneo Société Anonyme;11,7;6,63;1,76;7,36;0,66;1,48
PCA.PA;;;https://finance.yahoo.com/sector/financial_services;;0;0;0;0;0;0
LTA.PA;Financial Services;Asset Management;https://www.altamir.fr/fr/;Altamir SCA;26,7;38,75;0,69;-8,64;0,92;4,15
EUR.PA;;;https://finance.yahoo.com/sector/real_estate;;0;0;0;0;0;0
SAMS.PA;Industrials;Industrial Distribution;https://www.samse.fr/;Samse SA;184;404,95;0,45;17,15;0,45;5,61
ORIA.PA;Real Estate;Real Estate Services;https://www.fiducial-real-estate.fr/;Fiducial Real Estate;177;285,22;0,62;-2,12;0,67;0,76
RAL.PA;Consumer Defensive;Grocery Stores;https://www.rallye.fr/;Rallye SA;0,0441;347,33;0;0;0,26;11,29
MBWS.PA;Consumer Defensive;Beverages - Wineries & Distilleries;https://en.mbws.com/;Marie Brizard Wine & Spirits SA;3,2;1,65;1,94;4,64;0,88;0
PERR.PA;Industrials;Electrical Equipment & Parts;https://www.gerard-perrier.com/en/home-page/;Gérard Perrier Industrie S.A.;96,8;60,41;1,6;6,84;0,57;2,36
FCMC.PA;Consumer Cyclical;Resorts & Casinos;https://www.groupesfcmc.com/;Société Fermière du Casino Municipal de Cannes;1500;0;0;0;0,7;0
BLEE.PA;Real Estate;REIT - Diversified;https://www.bleecker.fr/;Bleecker Société Anonyme;156;653,64;0,24;-0,44;0,41;3,08
AAA.PA;Industrials;Consulting Services;https://www.alan-allman.com/;Alan Allman Associates;8,9;3,11;2,86;-2,04;0,18;0
VRAP.PA;Consumer Defensive;Beverages - Wineries & Distilleries;https://www.vrankenpommery.com/;Vranken-Pommery Monopole Société Anonyme;15,8;136,75;0,12;-0,94;0,31;3,8
AUB.PA;Technology;Information Technology Services;https://www.aubay.com/;Aubay Société Anonyme;45,05;24,91;1,81;6,04;0,72;2,13
INF.PA;Technology;Information Technology Services;https://www.infotel.com/;Infotel SA;47,4;34,02;1,39;7,67;0,74;3,38
SAVE.PA;Consumer Defensive;Packaged Foods;https://savencia-fromagedairy.com/;Savencia SA;52;359,46;0,14;-3,76;0,39;1,74
NRG.PA;Communication Services;Broadcasting;https://www.nrjgroup.fr/;NRJ Group SA;7,78;8,34;0,93;2;1,23;0
CNDF.PA;Financial Services;Banks - Regional;https://communication.ca-norddefrance.fr/;Caisse Régionale de Crédit Agricole Mutuel Nord de France Société coopérative;14,18;2371,3;0,01;-0,01;0,14;4,58
XIL.PA;Communication Services;Entertainment;https://xilam.com/;Xilam Animation;4,895;10,6;0,46;-0,77;0,48;0
ABCA.PA;Financial Services;Asset Management;https://www.abc-arbitrage.com/;ABC arbitrage SA;4,195;3,07;1,37;-13,98;0,9;5,8
NRO.PA;Technology;Information Technology Services;https://www.neurones.net/;Neurones S.A.;46,55;25,6;1,82;4,04;0,94;0,38
ESI.PA;;;https://finance.yahoo.com/sector/real_estate;;0;0;0;0;0;0
SFPI.PA;Industrials;Specialty Industrial Machinery;https://www.sfpi-group.com/;GROUPE SFPI SA;2;6,08;0,33;5,56;0,49;0
LIN.PA;Technology;Software - Application;https://www.linedata.com/;Linedata Services SA;74;23,42;3,16;-3,19;0,4;3,73
SELER.PA;Real Estate;REIT - Retail;https://www.selectirente.com/;Selectirente;89;146,13;0,61;-1,77;0,62;3,95
SWP.PA;Technology;Software - Application;https://www.sword-group.com/;Sword Group S.E.;36,1;18,53;1,95;30,08;0,55;4,13
EXE.PA;Industrials;Farm & Heavy Construction Machinery;https://www.exel-industries.com/;EXEL Industries SA;56;116,36;0,48;2,7;0,54;1,82
TNG.PA;Healthcare;Biotechnology;https://www.transgene.fr/;Transgene SA;1,326;0,45;2,95;-11,05;0,53;0
LPE.PA;Consumer Defensive;Beverages - Wineries & Distilleries;https://www.finance-groupelp.com/;Laurent-Perrier S.A.;122,5;175,8;0,7;2,24;0,57;1,29
VTR.PA;Real Estate;REIT - Office;https://www.vitura.fr/;Vitura SA;7,05;90,83;0,08;-0,15;0,44;6,89
INEA.PA;Real Estate;Real Estate Services;https://fonciere-inea.com/mentions-legales/;Fonciere Inea S.A.;33,2;108,99;0,3;-0,64;0,5;6,19
CRBP2.PA;Financial Services;Banks - Regional;https://www.ca-briepicardie.fr/;Caisse Régionale de Crédit Agricole Mutuel Brie Picardie Société coopérative;19,19;2821,55;0,01;-0,01;0,12;5,34
FREY.PA;Real Estate;REIT - Retail;https://www.frey.fr/;Frey SA;28,2;75,31;0,37;-0,87;0,45;4,71
PAT.PA;Real Estate;REIT - Retail;https://www.patrimoine-commerce.com/;Patrimoine et Commerce SA;21,2;60,12;0,35;-0,8;0,5;7,44
AXW.PA;Technology;Software - Application;https://www.axway.com/;Axway Software SA;24,7;13,65;1,81;-24,46;0,6;1,92
FGA.PA;Industrials;Aerospace & Defense;https://www.figeac-aero.com/;Figeac Aero Société Anonyme;6,6;13,84;0,48;-1,27;0,11;0
WAGA.PA;Industrials;Specialty Industrial Machinery;https://waga-energy.com/;Waga Energy SA;15,88;7,87;2,02;-14,7;0,62;0
PARP.PA;Consumer Cyclical;Resorts & Casinos;https://www.groupepartouche.com/;Groupe Partouche SA;21;62,14;0,34;-0,82;0,53;0
JBOG.PA;Consumer Defensive;Household & Personal Products;https://www.groupe-bogart.com/;Jacques Bogart S.A.;7,46;23,05;0,32;-1,15;0,26;2,38
TFF.PA;Consumer Cyclical;Packaging & Containers;https://www.tff-group.com/;TFF Group;44,1;34,1;1,29;5,25;0,6;1,16
THEP.PA;Industrials;Industrial Distribution;https://www.thermador-groupe.fr/;Thermador Groupe SA;87,9;45,96;1,91;4,64;0,74;2,62
RBO.PA;Consumer Cyclical;Furnishings, Fixtures & Appliances;https://www.roche-bobois.com/;Roche Bobois S.A.;48,8;42,03;1,16;-3,18;0,27;0
ATLD.PA;Real Estate;REIT - Diversified;https://www.fonciere-atland.fr/;Atland SAS;44,8;100,72;0,44;16,47;0,36;4,14
HDF.PA;Utilities;Utilities - Renewable;https://www.hdf-energy.com/;Hydrogène de France Société anonyme;7;7,88;0,89;1,27;2,64;0
FORSE.PA;Industrials;Electrical Equipment & Parts;https://www.forseepower.com/;Forsee Power Société anonyme;1,11;2,28;0,49;-8,54;0,37;0
AELIS.PA;Healthcare;Biotechnology;https://www.aelisfarma.com/;Aelis Farma SA;13;1,99;6,53;14,44;2,18;0
TRACT.PA;Consumer Cyclical;Specialty Retail;https://www.teract.io/;Teract S.A.;0,822;0;0;0;0;0
ARVEN.PA;Utilities;Utilities - Renewable;https://www.arverne.earth/;Arverne Group S.A.;7,06;0;0;0;0;0
EC.PA;Energy;Oil & Gas E&P;https://ep.totalenergies.ga/;TotalEnergies EP Gabon Société Anonyme;175;660,43;0,26;-2,83;0,75;22,63
ALDV.PA;Real Estate;REIT - Residential;https://www.adcsiic.eu/;Alliance Developpement Capital SIIC;0,09;0,54;0,17;-1,12;0,72;0
BIOS.PA;;;;;0;0;0;0;0;0
CV.PA;Basic Materials;Other Industrial Metals & Mining;https://www.zci.lu/;ZCI Limited;0,2;0;0;0;0;0
TVRB.PA;Industrials;Engineering & Construction;https://www.verbier4vallees.ch/;Téléverbier SA;64;159,59;0,4;-3,06;0,78;0,64
GNRO.PA;Healthcare;Biotechnology;https://www.geneuro.com/;GeNeuro SA;1,85;0,18;10,28;-3,08;3,04;0
FORE.PA;Industrials;Railroads;https://www.forestiere-equatoriale.com/;La Forestière Equatoriale SA;645;0;0;0;0,99;0,87
FAYE.PA;Consumer Defensive;Household & Personal Products;https://fsdv.fr/;Fayenceries de Sarreguemines, Digoin & Vitry-le-Francois Société Anonyme;21,4;0;0;0;0;0
EEM.PA;Financial Services;Asset Management;https://www.eem-group.com/;Electricité et Eaux de Madagascar Société Anonyme;3,3;3,43;0,96;5,41;1,1;0
EGR.PA;Financial Services;Asset Management;https://www.transition-evergreen.com/;Transition Evergreen SA;1,695;4,11;0,41;-3,08;0,8;0
CFI.PA;Real Estate;Real Estate Services;https://www.cfi-france.com/;CFI-Compagnie Foncière Internationale;0,65;0;0;0;91;2,59
FIPP.PA;Real Estate;Real Estate Services;https://www.f-i-p-p.com/;FIPP Société Anonyme;0,129;0,71;0,18;-0,72;0,6;0
PSAT.PA;Consumer Cyclical;Specialty Retail;https://www.passat.fr/;Passat Société Anonyme;6,25;15,58;0,4;0,75;1,06;7,89
EURS.PA;Real Estate;Real Estate Services;https://www.fonciere-euris.fr/;Fonciere Euris SA;0,159;1972,28;0;0;0,12;8,67
AURE.PA;Industrials;Waste Management;https://www.aurea-france.com/;Aurea SA;5,8;22,03;0,26;-4,03;0,41;2,01
CRAP.PA;Financial Services;Banks - Regional;https://www.credit-agricole.fr/ca-alpesprovence/particulier.html;Caisse Régionale de Crédit Agricole Mutuel Alpes Provence Société coopérative;75,76;0;0;0;0,12;3,9
CCN.PA;Financial Services;Banks - Regional;https://www.credit-agricole.fr/ca-normandie-seine/particulier.html;Caisse Régionale de Crédit Agricole Mutuel de Normandie-Seine Société coopérative;80,99;0;0;0;0;4,44
CRLO.PA;Financial Services;Banks - Regional;https://www.ca-loirehauteloire.fr/;Caisse Regionale de Credit Agricole Mutuel de la Loire-Haute-Loire SA;62,5;0;0;0;0,17;3,54
CRTO.PA;Financial Services;Banks - Regional;https://www.ca-tourainepoitou.fr/informations.html;Caisse Régionale de Crédit Agricole Mutuel de la Touraine et du Poitou Société Coopérative;76,69;16016,66;0;-0,01;0,15;3,67
CRSU.PA;Financial Services;Banks - Regional;https://www.credit-agricole.fr/ca-sudrhonealpes;Caisse Régionale de Crédit Agricole Mutuel Sud Rhône Alpes;133,02;0;0;0;0,11;3,8
CAT31.PA;Financial Services;Banks - Regional;https://www.credit-agricole.fr/ca-toulouse31/particulier.html;Caisse Regionale de Credit Agricole Mutuel Toulouse 31;71;3549,97;0,02;-0,02;0,11;4,33
CMO.PA;Financial Services;Banks - Regional;https://www.credit-agricole.fr/ca-morbihan/particulier.html;Caisse Régionale de Crédit Agricole du Morbihan;71,6;8546,62;0,01;-0,01;0,15;2,8
CROS.PA;Real Estate;Real Estate Services;https://www.crosswood.fr/;Crosswood SA;6,15;9,38;0,66;-3,51;0,8;0
GEA.PA;Industrials;Business Equipment & Supplies;https://www.gea.fr/;Grenobloise d'Electronique et d'Automatismes Société Anonyme;81,5;85,01;0,96;1,26;1,97;1,53
SPEL.PA;Real Estate;Real Estate Services;https://www.foncierevolta.com/;Foncière Volta;7,85;23,49;0,33;-1,12;0,5;6,52
DPT.PA;Consumer Cyclical;Luxury Goods;https://www.st-dupont.com/;S.T.Dupont Société Anonyme;0,0558;0,05;1,12;-2,79;0,04;0
SABE.PA;Consumer Defensive;Packaged Foods;https://www.sabeton.fr/;Saint Jean Groupe Société anonyme;21,2;50,99;0,42;-2,51;0,56;1,12
FINM.PA;Industrials;Conglomerates;https://www.financiere-marjos.com/;Financière Marjos SA;0,065;0;0;-1,62;12,56;0
CHSR.PA;Consumer Cyclical;Footwear & Accessories;https://www.lachausseria.com/;Chausseria;9,5;0;0;0;2,45;0
SACI.PA;Industrials;Business Equipment & Supplies;https://www.fiducial-office-solutions.fr/;Fiducial Office Solutions;28,2;0;0;0;0;0
EFI.PA;Real Estate;Real Estate Services;https://www.eurasiafonciereinvestissements.com/;Eurasia Fonciere Investissements Société Anonyme;0,262;0;0;0;0;0
AUGR.PA;Consumer Cyclical;Packaging & Containers;https://www.augros.fr/;Augros Cosmetic Packaging SA;6,7;0;0;0;0;0
BERR.PA;;;https://finance.yahoo.com/sector/industrials;;0;0;0;0;0;0
BUI.PA;Consumer Cyclical;Apparel Manufacturing;https://www.barbarabui.com/;Barbara Bui SA;7,35;0;0;0;0,11;0
TAYN.PA;Real Estate;Real Estate Services;https://www.tayninh.fr/W/do/centre/accueil.html;Societe de Tayninh SA;1,21;1,89;0,64;0,64;1;2,96
CARP.PA;Real Estate;Real Estate Services;https://www.carpinienne-de-participations.fr/;Carpinienne de Participations;6,3;0;0;0;0;1,97
EDI.PA;Industrials;Business Equipment & Supplies;https://www.media6.com/;Groupe MEDIA 6;13,4;22,43;0,6;-89,33;0,49;2,32
ACAN.PA;Real Estate;REIT - Office;https://www.acanthedeveloppement.fr/;Acanthe Developpement;0,405;0,93;0,44;40,5;0,92;32,9
ITXT.PA;Consumer Cyclical;Apparel Manufacturing;https://intexa.fr/;Intexa SA;2,64;3,88;0,68;0,86;4,53;0
DPAM.PA;Energy;Oil & Gas Refining & Marketing;https://www.dpasa.fr/;Les Docks des Pétroles d'Ambès -SA;530;0;0;0;0,26;7,05
COUR.PA;Real Estate;Real Estate Services;https://www.courtois-sa.com/;Courtois S.A.;122;0;0;0;1,04;2,03
LEBL.PA;Consumer Cyclical;Furnishings, Fixtures & Appliances;https://www.fonciere7investissement.fr/;Foncière 7 investissement Société Anonyme;0,675;0,4;1,69;1,78;2,19;0
INFE.PA;Industrials;Engineering & Construction;https://www.infe.fr/;Compagnie Industrielle et Financière d'Entreprises SA;61;260,27;0,23;4,44;0,25;2,26
TIPI.PA;Consumer Defensive;Packaged Foods;https://www.tipiak.fr/;Tipiak Société Anonyme;86;0;0;0;0,29;2,56
FPG.PA;Technology;Information Technology Services;https://www.uti-group.fr/;Union Technologies Informatique Group S.A.;0,535;0,56;0,96;-0,58;0,29;0
BSD.PA;Financial Services;Capital Markets;https://www.boursedirect.fr/;Bourse Direct Société Anonyme;5,56;24,19;0,23;-0,24;0,06;1,6
SEC.PA;Industrials;Engineering & Construction;https://www.soditech.eu/;Soditech SA;1,2;2,1;0,57;-2,5;0,49;0
CRAV.PA;Financial Services;Banks - Regional;https://www.credit-agricole.fr/ca-atlantique-vendee;Crédit Agricole Atlantique Vendée;91,5;25332,72;0;0;0,12;3,73
GJAJ.PA;Consumer Cyclical;Apparel Manufacturing;https://www.jaj.fr/;Groupe JAJ;1,3;7,38;0,18;0,91;0,23;0
ITE.PA;Technology;Software - Infrastructure;https://www.itesoft.com/;Itesoft S.A.;4;3,66;1,09;-6,15;0,37;0
COH.PA;Technology;Software - Application;https://www.chapsvision.fr/crm;Coheris Société Anonyme;6,9;5,32;1,3;86,25;0,42;4,05
PARRO.PA;Technology;Communication Equipment;https://www.parrot.com/;Parrot S.A.;2,02;2,86;0,71;1,79;0,92;0
PROAC.PA;Technology;Software - Application;https://www.proactis.com/uk/hubwoo-investors;Proactis SA;0,0685;0;0;0;0;0
HDP.PA;Consumer Cyclical;Lodging;https://www.leshotelsdeparis.com/;Les Hôtels de Paris SA;2,88;16,26;0,18;-0,14;0,1;0
CBSM.PA;Real Estate;REIT - Diversified;https://www.scbsm.fr/;Société Centrale des Bois et des Scieries de la Manche S.A.;8,5;34,39;0,25;-0,66;0,58;0
CBOT.PA;Real Estate;Real Estate - Diversified;https://www.cboterritoria.com/;CBo Territoria SA;3,77;13,63;0,28;-1,06;0,53;6,45
SFCA.PA;Consumer Cyclical;Resorts & Casinos;https://www.casinos-sfc.com/;Société Française de Casinos Société Anonyme;1,73;2,41;0,72;-2,58;0,73;0
GPE.PA;Industrials;Waste Management;https://www.pizzorno.com/;Groupe Pizzorno Environnement;74,6;86,43;0,86;-4,4;0,38;0
PAR.PA;Real Estate;REIT - Diversified;https://www.paref.com/;Paref SA;52,6;139,91;0,38;-1,22;0,59;5,85
ALTUR.PA;;;https://finance.yahoo.com/sector/industrials;;0;0;0;0;0;0
CRLA.PA;Financial Services;Banks - Regional;https://www.credit-agricole.fr/ca-languedoc/particulier.html;Caisse Régionale de Crédit Agricole Mutuel du Languedoc Société coopérative;52,5;1772,57;0,03;-0,03;0,14;3,72
SQI.PA;Technology;Information Technology Services;https://www.sqli.com/;SQLI SA;41,8;0;0;0;0;2,14
ATEME.PA;Technology;Communication Equipment;https://www.ateme.com/;ATEME SA;5,88;7,02;0,84;9,05;0,42;0
ARTE.PA;Real Estate;Real Estate Services;https://www.groupe-artea.fr/;Artea SA;11,5;82,88;0,14;-0,27;0,26;0
MAAT.PA;Healthcare;Biotechnology;https://www.maatpharma.com/;MaaT Pharma SA;8,22;3,59;2,29;10,02;1,1;0
AMPLI.PA;Healthcare;Medical Instruments & Supplies;https://www.amplitude-surgical.com/;Amplitude Surgical SA;2,74;2,91;0,94;-1,62;0,4;0
ABEO.PA;Consumer Cyclical;Leisure;https://www.groupe-abeo.fr/;Abéo SA;12,9;24,97;0,52;-1,04;0,36;0
AFME.PA;Healthcare;Medical Devices;https://www.affluentmedical.com/;Affluent Medical SA;1,655;0,23;7,2;-2,81;0,57;0
NR21.PA;Consumer Cyclical;Apparel Retail;https://www.nr21.eu/;NR21 Société Anonyme;47,6;0;0;0;0,99;0
EXPL.PA;Basic Materials;Specialty Chemicals;https://www.epc-groupe.com/;EPC Groupe;140;204,72;0,68;-4,62;0,33;1,15
MRM.PA;Real Estate;REIT - Retail;https://www.mrminvest.com/;MRM Group;18,2;78,37;0,23;-0,51;0,5;8,14
ABLD.PA;Healthcare;Health Information Services;https://www.abldiagnostics.com/;ABL Diagnostics Société anonyme;3,04;0,86;3,53;14,48;0,45;0
FOAF.PA;Financial Services;Financial Conglomerates;https://www.cfoa.eu/;Fin.Ouest Africain;58;0;0;0;0;0
AKOM.PA;Technology;Communication Equipment;https://www.aerkomm.com/;Aerkomm Inc.;2,6;3,96;0,66;-0,9;0,33;0
ALCOI.PA;Basic Materials;Aluminum;https://www.aloxide.com/;Coil S.A./N.V.;4,87;10,8;0,45;-4,13;0,69;0
ALIMG.PA;;;https://finance.yahoo.com/sector/real_estate;;0;0;0;0;0;0
ALINV.PA;Communication Services;Advertising Agencies;https://www.invibes.com/;Invibes Advertising N.V.;5,4;7,3;0,74;1,84;1,01;0
ALLAM.PA;Communication Services;Internet Content & Information;https://www.llama-group.com/;Llama Group SA;0,795;1,06;0,75;-0,7;0,07;0
ALVET.PA;Healthcare;Biotechnology;https://www.thera.vet/en;TheraVet SA;0,676;0,72;0,94;13,52;0,95;0
ALPHS.PA;;;https://finance.yahoo.com/sector/healthcare;;0;0;0;0;0;0
ALHEO.PA;;;https://finance.yahoo.com/sector/technology;;0;0;0;0;0;0
ALPHI.PA;Technology;Software - Application;https://www.facephi.com/;Facephi Biometria, S.A.;1,995;1,33;1,5;-6,88;0,34;0
ALLLN.PA;Communication Services;Telecom Services;https://www.lleida.net/;LleidaNetworks Serveis Telemàtics, S.A.;1,26;0,52;2,42;-2,52;0,19;0
ALQP.PA;Consumer Cyclical;Packaging & Containers;https://www.quadpack.com/;Quadpack Industries, S.A.;14,8;18,14;0,82;-1,92;0,33;0
ALKOM.PA;Basic Materials;Specialty Chemicals;https://www.kompuestos.com/;Plásticos Compuestos, S.A.;0,805;0;0;0;0;0
ALMKS.PA;Communication Services;Advertising Agencies;https://www.makingscience.com/;Making Science Group, S.A.;9,35;9,05;1,03;-1,63;0,08;0
ALISP.PA;Communication Services;Advertising Agencies;https://www.ispd.com/;ISPD Network, S.A.;3,18;3,55;0,9;-3,42;0,1;0
ALLEX.PA;Consumer Cyclical;Leisure;https://www.lexibook.com/;Lexibook - Linguistic Electronic System Société anonyme;3,29;5,56;0,59;2,03;0,35;0
ALGEV.PA;Industrials;Specialty Industrial Machinery;https://www.gevelot-sa.fr/;Gévelot SA;246;0;0;0;1,15;1,32
ALBDM.PA;Communication Services;Telecom Services;https://www.bdmultimedia.fr/;BD Multimedia SA;2,62;1,65;1,59;43,67;0,68;0
ALESK.PA;Technology;Software - Application;https://www.esker.fr/;Esker SA;191,4;20,49;9,34;34,8;0,88;0,36
ALRGR.PA;Basic Materials;Lumber & Wood Production;https://www.rougier.fr/;Rougier S.A.;15,4;76,52;0,2;-0,83;0,15;3,41
ALHF.PA;Technology;Communication Equipment;https://www.hfcompany.com/;HF Company SA;5,72;8,31;0,69;0,78;4,63;6,15
ALLOG.PA;Technology;Computer Hardware;https://logic-instrument.com/;Logic Instrument S.A.;1,16;1,54;0,75;3,22;0,46;0
ALENR.PA;Communication Services;Publishing;https://www.entreprendre.fr/;Entreprendre S.A.;3;0;0;0;0,42;0
ALAVI.PA;Consumer Defensive;Beverages - Wineries & Distilleries;https://www.advini.com/;AdVini S.A.;14,5;90,42;0,16;-0,43;0,2;1,25
ALDEL.PA;Consumer Cyclical;Auto Parts;https://www.delfingen.com/;Delfingen Industry S.A.;38,9;111,2;0,35;-1,49;0,4;2,62
ALCBX.PA;Technology;Computer Hardware;https://www.ciboxcorp.com/;Cibox Inter@ctive;0,0138;0,03;0,46;1,38;0,51;0
ALBOU.PA;Consumer Cyclical;Home Improvement Retail;https://www.bourrelier-group.com/;Bourrelier Group SA;55;87,07;0,63;3,15;0,96;2,57
ALLUX.PA;Basic Materials;Aluminum;https://www.groupe-installux.com/;Installux S.A.;286;0;0;0;0,96;2,23
ALGIR.PA;Industrials;Railroads;https://www.signaux-girod.fr/;Signaux Girod S.A.;20;83,93;0,24;1,04;0,69;6,53
ALDEV.PA;Consumer Cyclical;Apparel Manufacturing;https://www.devernois.com/;Devernois S.A.;10,2;0;0;0;0,47;4,03
ALORA.PA;Industrials;Electrical Equipment & Parts;https://www.altheora.com/;Altheora SA;0,477;2,69;0,18;-0,65;0,36;0
ALPDX.PA;Consumer Cyclical;Leisure;https://www.desjoyaux.com/;Piscines Desjoyaux SA;13,7;20,23;0,68;2,44;1,12;4,12
ALIDS.PA;Industrials;Conglomerates;https://www.idsud.com/;Idsud S.A.;170;0;0;0;0,91;1,74
ALEXA.PA;Basic Materials;Paper & Paper Products;https://www.exacomptaclairefontaine.fr/;Exacompta Clairefontaine S.A.;168;790,32;0,21;1,28;0,58;2,92
ALINN.PA;Technology;Electronics & Computer Distribution;https://corporate.innelec.com/;Innelec Multimédia SA;6,83;36,84;0,19;9,9;0,22;5,07
ALCIS.PA;Industrials;Specialty Business Services;https://www.cis-integratedservices.com/;Catering International & Services Société Anonyme;8,9;24,9;0,36;2,15;0,42;0,86
ALNSC.PA;Industrials;Specialty Industrial Machinery;https://www.nsc-groupe.com/;NSC Groupe SA;50,5;0;0;0;0,44;3,44
ALHOP.PA;Communication Services;Advertising Agencies;https://www.hopscotchgroupe.com/;Hopscotch Global PR Group;20,3;67,14;0,3;-2,49;0,14;5,4
ALSOG.PA;Industrials;Aerospace & Defense;https://www.sogeclair.com/;Sogeclair SA;24,1;44,06;0,55;4,88;0,35;4,48
ALPJT.PA;Industrials;Building Products & Equipment;https://www.poujoulat.com/;Poujoulat SA;15,45;42,44;0,36;-14,58;0,38;1,34
ALHRG.PA;Basic Materials;Building Materials;https://www.groupe-herige.fr/;Herige;32,1;149,45;0,21;-1,29;0,31;5,16
ALDBL.PA;Consumer Cyclical;Restaurants;https://www.bernard-loiseau.com/;Bernard Loiseau S.A.;3,76;6,81;0,55;-0,98;0,24;0
ALGID.PA;Technology;Electronic Components;https://www.egide-group.com/;Egide S.A.;0,658;1,73;0,38;-2,63;0,2;0
ALITL.PA;Technology;Information Technology Services;https://www.itlink.fr/;IT Link SA;32,6;30,62;1,06;4,83;0,54;0
ALNMG.PA;Communication Services;Advertising Agencies;https://www.netmedia.group/;NetMedia Group société anonyme;0,0296;0,05;0,59;-0,99;0,1;0
ALFLE.PA;Consumer Defensive;Packaged Foods;https://www.fleurymichon.fr/;Fleury Michon SA;22,4;133,37;0,17;-0,53;0,32;2,66
ALSAS.PA;Real Estate;Real Estate Services;https://www.stradim.fr/;Stradim Espace Finances SA;6,55;71,01;0,09;0,67;0,16;2,91
ALEMG.PA;Healthcare;Medical Devices;https://www.euromedis.fr/;Euromedis Groupe;4,64;18,26;0,25;0,64;0,89;1,02
ALLDL.PA;Technology;Electronics & Computer Distribution;https://www.groupe-ldlc.com/;Groupe LDLC société anonyme;17,74;35,59;0,5;354,8;0,43;1,99
ALRIB.PA;Technology;Semiconductor Equipment & Materials;https://www.riber.com/;Riber S.A.;2,55;2,11;1,21;5;0,55;2,62
ALATI.PA;Consumer Cyclical;Auto Parts;https://www.actia.com/;ACTIA Group S.A.;4,02;26,5;0,15;-2,14;0,24;2,15
ALAST.PA;Consumer Cyclical;Residential Construction;https://www.ast-groupe.fr/;AST Groupe;0,7;8,02;0,09;-0,36;0,13;5,11
ALMIC.PA;Technology;Information Technology Services;https://www.micropole.com/;Micropole S.A.;1,945;2,72;0,72;-2,95;0,47;0
ALU10.PA;Consumer Cyclical;Furnishings, Fixtures & Appliances;https://www.u10.fr/;U10 Corp;1,4;7,02;0,2;0,95;0,4;0
ALBON.PA;Financial Services;Asset Management;https://www.compagnielebon.fr/;Compagnie Lebon;98;243,98;0,4;-0,96;0,52;7,28
ALBI.PA;Consumer Cyclical;Packaging & Containers;https://www.groupe-gascogne.com/;Gascogne SA;2,93;21,41;0,14;-0,76;0,4;4,8
ALDAR.PA;Consumer Cyclical;Apparel Retail;https://www.damartex.com/;Damartex;3,29;29,73;0,11;-0,22;0,23;2,39
ALTPC.PA;Industrials;Infrastructure Operations;https://www.tunnelprado.com/;Société Marseillaise du Tunnel Prado Carénage;29,6;23,66;1,25;-10,42;0,78;7,29
ALLAN.PA;Consumer Defensive;Beverages - Wineries & Distilleries;https://www.lanson-bcc.com/;Lanson-BCC;46,9;137,74;0,34;30,65;0,35;1,39
ALKEY.PA;Technology;Information Technology Services;https://www.keyrus.com/;Keyrus S.A.;7,02;15,48;0,45;-0,94;0,14;0
ALVIV.PA;Technology;Software - Application;https://www.visiativ.com/;Visiativ SA;36,5;42,23;0,86;-1,89;0,26;0
ALDUB.PA;Basic Materials;Specialty Chemicals;https://www.encresdubuit.com/;Encres Dubuit;2,68;7,35;0,36;0,83;1;6,17
ALMRB.PA;Consumer Cyclical;Home Improvement Retail;https://mr-bricolage.com/;Mr.Bricolage S.A.;8,76;18,15;0,48;-1,17;0,39;4,29
ALFBA.PA;Consumer Cyclical;Apparel Retail;https://www.fashion-belair.com/;Fashion Bel Air S.A.;0,022;0;0;0;0;0
ALPRI.PA;Communication Services;Advertising Agencies;https://www.prismaflex.com/;Prismaflex International, S.A.;6,7;23,87;0,28;-2,06;0,24;0
ALVDM.PA;Consumer Cyclical;Travel Services;https://www.voyageursdumonde.fr/;Voyageurs du Monde SA;143,8;127,65;1,13;5,5;0,64;1,96
ALGEN.PA;Healthcare;Biotechnology;https://www.genoway.com/;genOway Société anonyme;4,3;3,2;1,34;10,75;0,63;0
ALNSE.PA;Technology;Scientific & Technical Instruments;https://www.nse-groupe.com/;NSE S.A.;24,5;23,51;1,04;3,67;0,53;1,31
ALCLA.PA;Industrials;Integrated Freight & Logistics;https://www.clasquin.com/;Clasquin SA;136;92,3;1,47;-20,3;0,28;2,67
ALHYG.PA;Healthcare;Biotechnology;https://www.hybrigenics.com/;Hybrigenics SA;0,0099;0,05;0,2;0;0,6;0
ALNTG.PA;Technology;Communication Equipment;https://www.netgem.com/;Netgem SA;0,938;0,87;1,08;31,27;0,68;7,73
ALMAS.PA;Consumer Defensive;Household & Personal Products;https://www.mastrad-paris.fr/;Mastrad Société Anonyme;0,0138;0,06;0,23;0;0,56;0
ALHEX.PA;Consumer Cyclical;Residential Construction;https://www.hexaom.fr/;Hexaom S.A.;22,9;81,01;0,28;3,61;0,44;2,85
ALNXT.PA;Communication Services;Advertising Agencies;https://www.nextedia.com/;Nextedia S.A.;0,616;0,79;0,78;-8,8;0,57;0
ALMIN.PA;Communication Services;Telecom Services;https://www.mint.eco/;Mindscape SA;3,62;11,93;0,3;0,67;2,33;0
ALBLD.PA;Communication Services;Advertising Agencies;https://www.bilendi.fr/;Bilendi SA;17;8,65;1,97;-16,19;0,55;0
ALTRO.PA;Technology;Semiconductor Equipment & Materials;https://www.tronics.tdk.com/;Tronic's Microsystems SA;3,66;2,95;1,24;-2,73;0,5;0
ALFRE.PA;Industrials;Staffing & Employment Services;https://www.freelance.com/;Freelance.com SA;3,35;5,85;0,57;-4,35;0,39;0
ALTER.PA;;;https://finance.yahoo.com/sector/consumer_cyclical;;0;0;0;0;0;0
ALI2S.PA;Industrials;Electrical Equipment & Parts;https://www.i2s.fr/;i2S SA;7,2;10,49;0,69;5,07;0,66;0
ALLHB.PA;Consumer Cyclical;Lodging;https://www.leshotelsbaverez-sa.com/;Les Hôtels Baverez S.A.;69;30,16;2,29;15,23;1,25;0,4
ALVIO.PA;Healthcare;Biotechnology;https://valeriotx.com/;Valerio Therapeutics Société anonyme;0,1082;0,1;1,08;-2,16;0,52;0
ALTHE.PA;Healthcare;Medical Devices;https://www.theraclion.com/;Theraclion SA;0,481;0,38;1,27;6,87;0,52;0
ALLIX.PA;Technology;Software - Infrastructure;https://www.wallix.com/;WALLIX GROUP SA;8,47;5,97;1,42;-15,98;0,47;0
ALPRE.PA;Healthcare;Diagnostics & Research;https://www.predilife.com/;Predilife S.A.;7,1;2,36;3,01;-22,9;0,18;0
ALBFR.PA;Technology;Software - Application;https://www.sidetrade.com/;Sidetrade SA;172,5;28,63;6,03;66,6;0,76;2,51
ALMGI.PA;Industrials;Security & Protection Services;https://www.mginternational.fr/;MG International S.A.;6,15;6,84;0,9;1,36;0,88;0
ALPLA.PA;;;https://finance.yahoo.com/sector/industrials;;0;0;0;0;0;0
ALMIL.PA;Communication Services;Advertising Agencies;https://numberly.com/fr;1000mercis;26,2;42,59;0,62;-3,41;0,23;2,22
ALPRO.PA;Technology;Software - Application;https://www.prodware.fr/;Prodware;8,7;34,48;0,25;-0,25;0,15;0,51
ALVIA.PA;Consumer Cyclical;Specialty Retail;https://www.viapresse.com/;Vialife SA;12;0;0;0;0,13;0
ALOBR.PA;;;https://www.groupe-ober.fr/;Ober SA;11,72;24,14;0,49;2,47;0,43;0
ALUPG.PA;Consumer Cyclical;Specialty Retail;https://www.upergy.com/;UPERGY Société Anonyme;1,96;5,85;0,34;1,22;0,49;5,54
ALAQU.PA;Industrials;Security & Protection Services;https://www.reseau-aquila.fr/;Aquila SA;4,2;6,1;0,69;2,46;0,44;7,55
ALMDG.PA;Technology;Computer Hardware;https://www.mgi-fr.com/;MGI Digital Technology Société Anonyme;22,5;19,34;1,16;2,56;1,09;0
ALPRG.PA;Technology;Software - Application;https://www.prologue.fr/;Prologue S.A.;0,23;0,54;0,43;-2,56;0,26;0
ALTTI.PA;Technology;Software - Application;https://www.ttinteractive.com/;Travel Technology Interactive;2,34;0,62;3,77;8,36;1,33;0
ALHIT.PA;Technology;Information Technology Services;https://www.hitechpros.com/;HITECHPROS Société anonyme;17;8,43;2,02;5,92;0,83;7,28
ALNOV.PA;Healthcare;Medical Devices;https://www.novacyt.com/;Novacyt S.A.;0,721;1,74;0,41;0,53;2,13;0
ALTRI.PA;Industrials;Business Equipment & Supplies;https://www.trilogiq.com/;Trilogiq S.A.;5,8;11,58;0,5;0,71;1,97;0
ALDLS.PA;Industrials;Staffing & Employment Services;https://www.groupedlsi.com/;DLSI;15,2;32,5;0,47;2,09;0,69;2,85
ALENT.PA;Communication Services;Internet Content & Information;https://www.entreparticuliers.com/;Entreparticuliers.com;0,602;0,23;2,62;-10,03;0,84;9,6
ALCLS.PA;Healthcare;Biotechnology;https://www.cellectis.com/;Cellectis S.A.;2,645;4,64;0,57;-11,5;0,65;0
ALDNX.PA;Communication Services;Internet Content & Information;https://www.dnxcorp.com/;DNXCorp SE;21,7;5,25;4,13;135,62;0,73;10,83
ALEO2.PA;Basic Materials;Lumber & Wood Production;https://www.eo2.fr/;Eo2 Société Anonyme;5,14;0;0;0;0;0
ALATA.PA;Communication Services;Electronic Gaming & Multimedia;https://www.atari.com/;Atari SA;0,1255;0,06;2,09;-1,79;0,23;0
ALFPC.PA;Consumer Cyclical;Recreational Vehicles;https://www.fountaine-pajot.com/;S.A. Fountaine Pajot;132;152,54;0,87;43,71;0,52;1,79
ALECP.PA;Communication Services;Entertainment;https://www.europacorp.com/;EuropaCorp;0,383;0,63;0,61;-1,09;0,02;0
ALROC.PA;Technology;Electronic Components;https://www.roctool.com/;RocTool S.A.;1,01;1,07;0,94;-16,83;0,23;0
ALSTW.PA;Technology;Software - Application;https://www.streamwide.com/;Streamwide S.A.;26,2;11,98;2,19;24,95;0,68;0
ALAGR.PA;Consumer Defensive;Farm Products;https://agrogeneration.com/;AgroGeneration, SA;0,0508;0,14;0,36;-1,69;0,29;0
ALTXC.PA;Technology;Communication Equipment;https://txcom-group.com/;TXCOM Société Anonyme;9,3;10,1;0,92;1,35;2,34;0
ALWED.PA;Technology;Software - Application;https://www.wedia-group.com/;Wedia SA;23,4;0;0;0;0,55;0,99
ALKAL.PA;Technology;Semiconductors;https://www.kalrayinc.com/;Kalray S.A.;17,7;4,53;3,91;17,52;0,84;0
ALVU.PA;Consumer Cyclical;Internet Retail;https://www.vente-unique.com/;Vente-Unique.com SA;14;9,02;1,55;14,29;0,61;0
ALMER.PA;Consumer Defensive;Packaged Foods;https://www.sapmer.com/;Sapmer SA;7,15;37,61;0,19;-0,41;0,27;1,65
ALPAT.PA;Healthcare;Biotechnology;https://www.plantadvanced.com/;Plant Advanced Technologies SA;15;10,12;1,48;-4,48;0,52;0
ALSRS.PA;Communication Services;Advertising Agencies;https://www.madvertise.com/;Sirius Media;0,457;0;0;0;0;0
ALREW.PA;Communication Services;Advertising Agencies;https://www.reworldmedia.com/;Reworld Media Société Anonyme;3,02;6,07;0,5;-1,09;0,36;0
ALEUA.PA;Real Estate;Real Estate Services;https://www.eurasiagroupe.com/;Eurasia Groupe SA;2,62;0;0;0;0;0
ALMDP.PA;Healthcare;Biotechnology;https://www.medesispharma.com/;Medesis Pharma S.A.;0,97;0,35;2,77;-1,59;1,64;0
ALQWA.PA;Communication Services;Advertising Agencies;https://www.qwamplify.com/;Qwamplify;3,28;5,99;0,55;11,31;0,61;1,63
ALCAR.PA;Healthcare;Medical Devices;https://www.carmatsa.com/;Carmat SA;3,095;1,82;1,7;-1,66;0,97;0
ALINT.PA;Healthcare;Biotechnology;https://integragen.com/;IntegraGen SA;0,64;1,21;0,53;2,46;0,39;0
ALBIO.PA;Healthcare;Medical Devices;https://www.biosynex.com/;Biosynex SA;4,04;13,54;0,3;-11,22;0,6;0
ALMOU.PA;Basic Materials;Lumber & Wood Production;https://www.moulinvest.com/;Moulinvest S.A.;21,4;49,19;0,44;-19,28;0,6;0
ALKLA.PA;Communication Services;Advertising Agencies;https://www.klarsen.com/;Klarsen;2,22;1,03;2,16;-1,88;0,18;0
ALBLU.PA;Healthcare;Medical Devices;https://www.bluelinea.com/;Bluelinea Société Anonyme;1,05;0,56;1,88;-3,89;0,33;0
ALMDT.PA;Healthcare;Medical Devices;https://www.mediantechnologies.com/;Median Technologies SA;3,4;1,86;1,83;-4,36;0,63;0
ALMIB.PA;Basic Materials;Agricultural Inputs;https://amoeba-nature.com/;Amoéba S.A.;0,491;0,13;3,78;-3,27;0,68;0
ALGBE.PA;Utilities;Utilities - Diversified;https://www.global-bioenergies.com/;Global Bioenergies SA;1,83;0,99;1,85;4,58;1,62;0
ALTBG.PA;Technology;Software - Application;https://theblockchain-group.com/;The Blockchain Group;0,1;0,2;0,5;-0,62;0,44;0
ALCOG.PA;Basic Materials;Lumber & Wood Production;https://www.cogra.fr/;Cogra 48 Société Anonyme;6,9;13,02;0,53;2,64;0,71;0
ALINS.PA;Healthcare;Health Information Services;https://www.intrasense.fr/;Intrasense S.A.;0,32;0,14;2,29;5,33;1,24;0
ALGLD.PA;Basic Materials;Other Precious Metals & Mining;https://www.goldbygold.com/;Gold By Gold SA;2;2,48;0,81;2,04;0,48;3,18
ALMET.PA;Utilities;Utilities - Diversified;https://www.methanor.fr/;Méthanor SCA;2,7;5,66;0,48;3,8;1,14;2,82
ALBOA.PA;Industrials;Specialty Industrial Machinery;https://www.boa-concept.com/;BOA Concept SAS;25;0;0;0;1,49;0
ALSGD.PA;Healthcare;Medical Devices;https://www.spineguard.com/;SpineGuard SA;0,245;0,14;1,75;8,17;0,84;0
ALESA.PA;Industrials;Waste Management;https://www.ecoslops.com/;Ecoslops S.A.;0,71;0;0;0;0;0
ALVGO.PA;Technology;Software - Application;https://www.vogo-group.com/;Vogo SA;3,95;0,91;4,34;-16,46;0,46;0
ALNLF.PA;Consumer Cyclical;Furnishings, Fixtures & Appliances;https://www.neolife.fr/;Neolife SA;0,0828;0,04;2,07;8,28;0,68;0
ALCRB.PA;Basic Materials;Specialty Chemicals;https://www.carbios.com/;Carbios SAS;22,9;15,42;1,49;2,85;2,13;0
ALQGC.PA;Healthcare;Biotechnology;https://www.quantum-genomics.com/;Quantum Genomics Société Anonyme;0,13;0;0;0;0;0
ALCJ.PA;Healthcare;Medical Instruments & Supplies;https://www.crossject.com/;Crossject Société Anonyme;1,95;0,63;3,1;-3,36;0,04;0
ALREA.PA;Real Estate;Real Estate - Development;https://www.realites.com/;Réalités S.A.;13,25;214,63;0,06;-4,93;0,13;0
ALUCI.PA;Industrials;Electrical Equipment & Parts;https://www.lucibel.io/;Lucibel SA;0,434;0,33;1,32;-2,55;0,05;0
ALUVI.PA;Industrials;Pollution & Treatment Controls;https://www.uvgermi.fr/;UV Germi SA;3,56;2,95;1,21;1,53;1,29;0
ALENE.PA;Industrials;Specialty Industrial Machinery;https://www.enertime.com/;Enertime SA;0,38;0,87;0,44;-0,88;0,01;0
ALDMS.PA;Healthcare;Medical Devices;https://www.dms.com/;Diagnostic Medical Systems S.A.;1,04;2,22;0,47;-3,06;0,27;0
ALPUL.PA;;;https://pullupent.com/;Pullup Entertainment Société anonyme;11,6;0;0;0;0;0
ALSEN.PA;Healthcare;Biotechnology;https://www.sensorion.com/;Sensorion SA;0,71;0,15;4,73;7,1;3,49;0
ALUNT.PA;Consumer Cyclical;Residential Construction;https://uniti-habitat.fr/;Uniti S.A;1,43;19,09;0,07;0,85;0,07;0
ALBPS.PA;Healthcare;Biotechnology;https://www.biophytis.com/;Institut Biophytis SAS;0,7996;3,25;0,25;-0,33;0,64;0
ALGIL.PA;Consumer Cyclical;Packaging & Containers;https://www.groupeguillin.fr/;Groupe Guillin S.A.;29,7;40,17;0,74;4,63;0,73;3,04
ALHYP.PA;Technology;Software - Infrastructure;https://www.hipay.com/;HiPay Group SA;8,16;28,74;0,28;-1,33;0,13;0
ALCAP.PA;Real Estate;Real Estate - Development;https://capelli-immobilier.fr/;Capelli SA;5,82;367,31;0,02;0,65;0,07;2,55
ALPOU.PA;Consumer Defensive;Packaged Foods;https://www.poulaillon.fr/;Poulaillon SA;5,2;14;0,37;-1,05;0,37;0
ALCOX.PA;Healthcare;Biotechnology;https://www.nicox.com/;Nicox S.A.;0,37;1,06;0,35;0,95;0,51;0
ALMLB.PA;Consumer Cyclical;Furnishings, Fixtures & Appliances;https://www.miliboo.com/;Miliboo Société anonyme;2;2,45;0,82;7,41;0,44;0
ALIMR.PA;Technology;Software - Application;https://www.immersion.fr/;Immersion SA;1,97;5,54;0,36;2,37;0,31;0
ALWEC.PA;Technology;Consumer Electronics;https://www.connect-we.fr/;We.Connect SA;19,7;56,58;0,35;1,25;0,4;0
ALDRV.PA;Technology;Computer Hardware;https://www.dronevolt.com/;Drone Volt SA;0,0083;0;0;0;0;0
ALWIT.PA;Communication Services;Internet Content & Information;https://www.witbe.net/;Witbe S.A.;3,54;3,23;1,1;-4,37;0,32;0
ALKLK.PA;Technology;Software - Infrastructure;https://www.kerlink.com/;Kerlink SA;0,78;3,33;0,23;2,6;0,32;0
ALPCV.PA;Industrials;Specialty Industrial Machinery;https://www.cerinnov.com/;Cerinnov Group SA;1,925;2,64;0,73;-2,64;0,22;0
ALAUR.PA;Industrials;Business Equipment & Supplies;https://www.aures.com/;AURES Technologies S.A.;6,14;16,48;0,37;9,3;0,4;2,52
ALPAR.PA;Consumer Cyclical;Auto & Truck Dealerships;https://www.groupe-parot.com/;Groupe Parot SA;8,7;30,7;0,28;-2,76;0,21;0
ALOSM.PA;Communication Services;Telecom Services;https://osmozis.com/;Osmozis SA;14,65;10,48;1,4;-20,93;0,67;0
ALERS.PA;Healthcare;Medical Devices;https://www.eurobio-scientific.com/;Eurobio Scientific Société anonyme;14,62;16,25;0,9;54,15;0,77;0
ALVAL.PA;Healthcare;Biotechnology;https://www.valbiotis.com/;Valbiotis SA;4,125;2,04;2,02;3,86;2,36;0
ALECR.PA;Healthcare;Diagnostics & Research;https://www.eurofins.fr/cerep/;Eurofins-Cerep SA;21800;0;0;0;0,92;0
ALCOF.PA;Technology;Electronic Components;https://www.cofidur-ems.com/;Cofidur S.A.;392;0;0;0;0,41;2,43
ALEXP.PA;Financial Services;Capital Markets;https://groupe.one-experience.fr/;One Experience Société anonyme;0,474;0,95;0,5;-0,73;0,5;0
ALMII.PA;Technology;Information Technology Services;https://www.m2iformation.fr/;M2i Société anonyme;4;8,26;0,48;1,7;0,55;0
ALDLT.PA;Consumer Cyclical;Footwear & Accessories;https://www.deltaplusgroup.com/;Delta Plus Group;78,6;44,54;1,76;-15,35;0,51;1,41
ALARF.PA;Technology;Communication Equipment;https://www.adeunis.com/;Adeunis Société anonyme;0,45;2,33;0,19;-7,5;0,35;0
ALTHX.PA;Healthcare;Biotechnology;https://www.theranexus.com/;Theranexus Société Anonyme;1,06;0,79;1,34;8,83;0,95;0
ALDVI.PA;Healthcare;Biotechnology;https://www.advicenne.com/;Advicenne S.A.;2,12;0,99;2,14;-1,72;1,67;0
ALLGO.PA;Technology;Electronics & Computer Distribution;https://www.largo-france.fr/;Largo SA;2,52;3,27;0,77;4,5;0,41;0
ALORD.PA;Technology;Computer Hardware;https://www.ordissimo.com/;Ordissimo SA;0,58;2,09;0,28;-11,6;0,56;0
ALNN6.PA;Technology;Communication Equipment;https://www.enensys.com/;ENENSYS Technologies SA;0,606;2,09;0,29;-0,84;0,01;0
ALDNE.PA;Communication Services;Electronic Gaming & Multimedia;https://dontnod-bourse.com/;Don't Nod Entertainment S.A.;2,94;5,46;0,54;0,72;1,52;0
ALLEC.PA;Technology;Communication Equipment;https://www.cogelec.fr/;Cogelec SA;9,7;9,79;0,99;-3,91;0,15;0
AL2SI.PA;Technology;Computer Hardware;https://2crsi.com/;2CRSI S.A.;4,38;2,78;1,58;4,42;0,49;0
ALTUV.PA;Industrials;Waste Management;https://www.bio-uv.com/;BIO-UV Group S.A.;2,24;3,27;0,69;-1,98;0,47;0
ALEMV.PA;Consumer Cyclical;Specialty Retail;https://www.emova-group.com/;Emova Group SA;0,995;2,08;0,48;-0,29;0,41;0
ALKKO.PA;Consumer Defensive;Farm Products;https://www.kko-international.com/;KKO International SA;0,0784;0,19;0,41;-0,98;0,36;0
ALBKK.PA;Basic Materials;Chemicals;https://www.baikowski.com/;Baikowski SA;13,9;15,94;0,87;9,03;0,72;0
ALCUR.PA;Industrials;Specialty Industrial Machinery;https://www.arcure.net/;Arcure S.A.;6,58;2,38;2,76;32,9;0,45;0
ALNRG.PA;Technology;Software - Application;https://energisme.com/;SA Energisme;0,0063;0;0;0;0;0
ALMAR.PA;Industrials;Staffing & Employment Services;https://www.mare-nostrum.eu/;Mare Nostrum SA;0,65;11,23;0,06;-0,3;0,08;0
ALAMG.PA;Basic Materials;Gold;https://auplatamininggroup.com/;Auplata Mining Group;0,0031;0,04;0,08;-0,05;0,05;0
ALVAP.PA;Consumer Cyclical;Internet Retail;https://www.kumulusvape.fr/;Kumulus Vape S.A.;6,76;7,68;0,88;1,89;0,9;0
ALNEO.PA;Technology;Scientific & Technical Instruments;https://www.alpha-mos.com/;Neotion SA;0,724;0,57;1,27;-0,68;1,5;0
ALGTR.PA;Technology;Scientific & Technical Instruments;https://groupe-tera.com/;Groupe Tera SA;3,92;3,64;1,08;-2,95;0,12;0
ALOKW.PA;Utilities;Utilities - Renewable;https://www.okwind.fr/;Groupe OKwind Société anonyme;19,6;7,77;2,52;9,7;0,57;0
ALHGR.PA;Basic Materials;Building Materials;https://www.ciments-hoffmann.fr/;Hoffmann Green Cement Technologies Societe anonyme;11,8;6,06;1,95;-31,89;0,8;0
ALAGP.PA;Utilities;Utilities - Renewable;https://www.agripower-france.com/;Agripower France Société Anonyme;1,01;4,92;0,21;0,52;0,8;0
ALMUN.PA;Technology;Software - Infrastructure;https://www.munic.io/;Munic S.A.;0,532;1,51;0,35;53,2;0,51;0
ALIMP.PA;Healthcare;Medical Devices;https://www.implanet.com/;Implanet S.A.;0,1135;0,06;1,89;-2,84;0,02;0
ALPAU.PA;Consumer Defensive;Packaged Foods;https://www.paulicmeunerie.com/;PAULIC Meunerie SA;2,04;3,73;0,55;-1,21;0,39;0
ALVMG.PA;Healthcare;Medical Instruments & Supplies;https://www.visiomed.fr/;Visiomed Group SA;0,2015;0,04;5,04;-10,08;0,72;0
ALGAU.PA;Consumer Cyclical;Auto Manufacturers;https://www.gaussin.com/;Gaussin SA;0,248;2,37;0,1;-0,31;0,03;0
BPSBS.PA;;;;;0,004;0;0;0;0;0
ALVG.PA;Technology;Consumer Electronics;https://veomgroup.com/;VEOM Group;0,263;5,5;0,05;-0,07;0,01;0
ALECO.PA;Consumer Defensive;Food Distribution;https://www.ecomiam.com/;écomiam SA;3,17;3,82;0,83;11,32;0,49;0
ALCHI.PA;Communication Services;Broadcasting;https://www.alchimie.com/;Alchimie SA;0,52;2,18;0,24;-0,37;0,41;0
ALWF.PA;Industrials;Farm & Heavy Construction Machinery;https://investir.winfarm-group.com/;WINFARM Société anonyme;4,76;34,62;0,14;-0,42;0,26;0
ALIMO.PA;Real Estate;Real Estate Services;https://www.groupimo.fr/;Groupimo S.A.;0,2;2,65;0,08;0,67;0,62;0
ALHPI.PA;Consumer Cyclical;Auto Manufacturers;https://www.hopium.com/;Hopium SA;0,0249;0,15;0,17;-0,02;9,29;0
ALHRS.PA;Consumer Cyclical;Specialty Retail;https://www.hydrogen-refueling-solutions.fr/;Hydrogen-Refueling-Solutions SA;8,12;7,35;1,1;21,37;0,55;0
ALBIZ.PA;Communication Services;Advertising Agencies;https://www.obiz-concept.fr/;Obiz S.A.;5,88;4,57;1,29;-4;0,37;0
ALNMR.PA;Technology;Software - Application;https://namr.com/;namR Société anonyme;1,53;0,74;2,07;-1,94;0,02;0
ALODC.PA;Consumer Defensive;Food Distribution;https://www.omerdecugis.com/;Omer-Decugis & Cie SA;3,95;6,81;0,58;8,78;0,5;0
ALAIR.PA;Consumer Cyclical;Furnishings, Fixtures & Appliances;https://www.airwell.com/;Groupe Airwell Société anonyme;4,6;5,76;0,8;-11,5;0,1;0
ALNFL.PA;Healthcare;Biotechnology;https://www.nflbiosciences.com/;NFL Biosciences SA;2,18;0,4;5,45;109;0,24;0
ALAGO.PA;Utilities;Utilities - Renewable;https://www.e-pango.com/;E-Pango SA;0,31;0,57;0,54;-0,45;0,55;0
ALESE.PA;Utilities;Utilities - Renewable;https://entech-se.com/;Entech SA;7,86;2,77;2,84;5,42;0,69;0
ALSPT.PA;Consumer Cyclical;Internet Retail;https://www.spartoo.com/;Spartoo SAS;0,542;4,99;0,11;0,49;0,4;0
ALIKO.PA;Healthcare;Medical Devices;https://www.ikonisys.com/;Ikonisys S.A.;1,48;0,08;18,5;-4,35;0,8;0
ALENO.PA;Industrials;Specialty Industrial Machinery;https://www.enogia.com/;Enogia SAS;2,02;1,69;1,2;13,47;0,51;0
ALPM.PA;Industrials;Specialty Industrial Machinery;https://www.preciamolen.com/;Precia S.A.;32;26,03;1,23;5,49;0,65;1,07
ALCYB.PA;Consumer Cyclical;Leisure;https://cybergun.com/;Cybergun S.A.;0,0023;0,45;0,01;0,03;0,52;6,85
ALDOL.PA;Energy;Oil & Gas Equipment & Services;https://www.dolfines.com/;Dolfines SA;0,0011;0;0;0;0,14;0
ALMND.PA;Consumer Cyclical;Leisure;https://mnd.com/;Montagne et Neige Développement SA;0,89;1,63;0,55;-1,56;0,11;0
ALAUD.PA;Financial Services;Asset Management;https://www.audacia.fr/;Audacia SA;3,84;4,73;0,81;9,85;0,61;0
ALAFY.PA;Basic Materials;Specialty Chemicals;https://afyren.com/;AFYREN SAS;2,68;2,61;1,03;1,63;2,98;0
ALSMA.PA;Healthcare;Health Information Services;https://smaio.com/;S.M.A.I.O S.A.;3,44;2,46;1,4;2,36;1,29;0
ALICR.PA;Healthcare;Medical Instruments & Supplies;https://www.iceram.fr/;I.CERAM SA;0,71;0;0;0;0,35;0
ALACT.PA;Healthcare;Biotechnology;https://www.acticor-biotech.com/;Acticor Biotech SAS;0,96;0,87;1,1;-16;0,06;0
ALGRO.PA;Industrials;Metal Fabrication;https://www.grolleau.fr/;Grolleau Société Anonyme;6,96;12,72;0,55;7,48;0,44;0
ALTOO.PA;Industrials;Rental & Leasing Services;https://www.toosla-bourse.com/;Toosla Société Anonyme;1,06;4,47;0,24;-0,44;0,02;0
ALTHO.PA;Technology;Computer Hardware;https://www.metavisio.eu/;Metavisio;0,856;3,53;0,24;1,1;0,24;0
ALKEM.PA;Basic Materials;Specialty Chemicals;https://www.groupeberkem.com/;Groupe Berkem Société anonyme;2,18;4,07;0,54;-1,74;0,34;0
ALALO.PA;Communication Services;Advertising Agencies;https://www.acheter-louer.fr/;Acheter-Louer.Fr SA;0,0002;0;0;0;0,47;0
ALHUN.PA;Consumer Cyclical;Specialty Retail;https://www.hunyvers.com/;Hunyvers SA;11,8;19,55;0,6;3,46;0,37;0
ALCBI.PA;Financial Services;Asset Management;https://cbicorp.io/;Crypto Blockchain Industries;0,39;0,04;9,75;-13;0,57;0
ALHAF.PA;Utilities;Utilities - Renewable;https://www.haffner-energy.com/;Haffner Energy S.A.;0,673;0,91;0,74;1,4;1,13;0
ALVAZ.PA;;;;;40,2;0;0;0;0;0
ALICA.PA;Technology;Electronic Components;https://www.icape-group.com/;Icape Holding S.A.;10,3;12,84;0,8;-3,14;0,27;0
ALFUM.PA;Communication Services;Advertising Agencies;https://www.fillupmedia.fr/;Fill Up Media S.A.;6,05;6,3;0,96;151,25;0,31;0
ALCWE.PA;Utilities;Utilities - Renewable;https://www.charwood.energy/;Charwood Energy SA;3,88;2,54;1,53;4,56;0,76;0
ALBPK.PA;Technology;Communication Equipment;https://www.broadpeak.tv/;Broadpeak Société anonyme;1,7;2,91;0,58;4,36;0,51;0
ALVIN.PA;Basic Materials;Specialty Chemicals;https://www.vinpai.com/;Vinpai SAS;4,95;1,82;2,72;-5,16;0,26;0
ALENI.PA;;;https://finance.yahoo.com/sector/communication_services;;0;0;0;0;0;0
ALEUP.PA;Industrials;Waste Management;https://www.europlasma.com/;Europlasma S.A.;0,0007;0,02;0,03;-0,07;0,01;0
ALOPM.PA;Healthcare;Biotechnology;https://www.oncodesign.com/;Oncodesign Precision Medicine Société anonyme;1,3;0;0;0;0;0
ALVER.PA;Utilities;Utilities - Independent Power Producers;https://www.vergnet.com/;Vergnet SA;0,2365;0;0;0;0,25;0
ALCAB.PA;Technology;Consumer Electronics;https://www.cabasse.com/;Cabasse Société anonyme;1,94;0;0;0;0;0
ALSAF.PA;Healthcare;Medical Instruments & Supplies;https://www.safeorthopaedics.com/;Safe Orthopaedics SA;0,0006;0;0;0;0;0
ALLPL.PA;Consumer Cyclical;Personal Services;https://www.lepermislibre.fr/;Lepermislibre Société anonyme;0,95;0,87;1,09;11,88;0,25;0
ALFLO.PA;Basic Materials;Agricultural Inputs;https://www.florentaise.com/;SAS Florentaise;5,76;10,02;0,57;-0,95;0,32;0
ALTD.PA;Industrials;Aerospace & Defense;https://tonnerdrones.com/;Tonner Drones S.A.;0,013;0;0;0;0;0
ALMCE.PA;Industrials;Specialty Business Services;https://www.moncourtierenergie.com/;Mon Courtier Energie Groupe S.A.;9,54;4,53;2,11;3,94;1,08;0
ALNEV.PA;Healthcare;Biotechnology;https://www.neovacs.com/;Neovacs S.A.;0,1797;0;0;0;0,95;0
ALBOO.PA;Technology;Consumer Electronics;https://www.boostheat-group.com/;Boostheat SA;1,41;0;0;0;0;0
ALWTR.PA;Industrials;Pollution & Treatment Controls;https://www.osmosun.com/;Osmosun S.A.;6,96;0;0;0;0;0
ALGRE.PA;Consumer Defensive;Food Distribution;https://algreen.fr/;Algreen;0,0002;0,15;0;0;0,42;0
ALADO.PA;Real Estate;Real Estate Services;https://www.adomos.com/;Adomos S.A.;0,0006;0;0;0;0;0
ALPIX.PA;;;https://finance.yahoo.com/sector/consumer_cyclical;;0;0;0;0;0;0
ALPHA.PA;Healthcare;Biotechnology;https://pharnext.com/;Pharnext S.C.A.;0,0581;2,22;0,03;0;8,16;0
ALJXR.PA;Technology;Consumer Electronics;https://www.archos.com/;Archos S.A.;0,082;0,39;0,21;8,2;0,4;0
ALDBT.PA;Industrials;Specialty Industrial Machinery;https://www.dbt.fr/;DBT SA;1,399;4,11;0,34;-1,28;0,38;0
ALGEC.PA;Technology;Software - Infrastructure;https://www.geci.net/;GECI International S.A.;4,164;0;0;0;0,16;0
ALSTI.PA;;;;;11,2;0;0;0;0,64;0
ALSPW.PA;Healthcare;Medical Instruments & Supplies;https://www.spineway.com/;Spineway SA;0,5241;10,65;0,05;0,29;0,78;0
ALRPD.PA;Healthcare;Drug Manufacturers - Specialty & Generic;https://www.rnplc.com/;Rapid Nutrition PLC;0,0682;0,19;0,36;3,41;0,42;0
ALHGO.PA;Financial Services;Asset Management;https://hamiltongo.eu/;Hamilton Global Opportunities PLC;43,2;0;0;0;1,04;0
ALAMA.PA;Healthcare;Health Information Services;https://www.amaxperteye.com/;AMA Corporation Plc;0,28;0,24;1,17;3,5;1,7;0
ALEAC.PA;Industrials;Specialty Business Services;https://www.ediliziacrobatica.com/;EdiliziAcrobatica S.p.A.;10,9;17,4;0,63;-6,23;0,21;0
ALSEI.PA;Communication Services;Publishing;https://www.seif-spa.it/;Società Editoriale Il Fatto S.p.A.;0,25;0,35;0,71;-0,56;0,05;0
ALKER.PA;;;https://finance.yahoo.com/sector/consumer_cyclical;;0;0;0;0;0;0
ALIE.PA;Communication Services;Entertainment;https://ilbegroup.it/;Iervolino & Lady Bacardi Entertainment S.p.A.;1,12;3,45;0,32;0;0,48;0
ALMEX.PA;Financial Services;Asset Management;https://www.mexedia.com/;Mexedia Società Per Azioni S.B.;13,3;17,84;0,75;-95;0,4;0
ALRFG.PA;Consumer Cyclical;Leisure;https://racingforce.com/;Racing Force S.P.A.;3,86;2,48;1,56;5,59;0,67;0
ALTTU.PA;Technology;Software - Application;https://www.tatatu.com/;Tatatu S.p.A.;5,6;0,18;31,11;-140;0,18;0
ALPER.PA;Consumer Cyclical;Apparel Manufacturing;https://laperlafashionholding.com/;La Perla Fashion Holding N.V.;7,2;0;0;0;0;0
ALTME.PA;Healthcare;Biotechnology;https://www.tmepharma.com/;TME Pharma N.V.;0,253;0,09;2,81;-25,3;1,2;0
